timestamp,index,tempC,humidity,mqRaw,aqi,temp_label,hum_label,aq_label,Category_Label,Class,Location,lat,lon
2026-02-14T06:00:01,0,27.9,82.5,112,2.4,1,1,0,1,SN,A,,
2026-02-14T06:05:01,1,27.7,83.5,118,3.6,1,1,0,1,SN,A,,
2026-02-14T06:10:01,2,28.3,81.9,118,3.6,1,1,0,1,SN,A,,
2026-02-14T06:15:01,3,29.3,79.7,125,5,1,1,0,1,SN,A,,
2026-02-14T08:09:16,4,29.9,76.7,113,2.6,1,1,0,1,SN,A,,
2026-02-14T08:14:16,5,30.4,75.3,114,2.8,1,1,0,1,SN,A,,
2026-02-14T08:19:16,6,30.7,74.5,120,4,1,1,0,1,SN,A,,
2026-02-14T08:24:16,7,30.4,75.6,99,0,1,1,0,1,SN,A,,
2026-02-14T08:29:16,8,30.3,76.6,94,0,1,1,0,1,SN,A,,
2026-02-14T08:34:16,9,30.4,76.3,100,0,1,1,0,1,SN,A,,
2026-02-14T08:39:16,10,29.5,79.1,110,2,1,1,0,1,SN,A,,
2026-02-14T08:44:16,11,29.1,80.3,118,3.6,1,1,0,1,SN,A,,
2026-02-14T08:49:16,12,29.1,80.6,114,2.8,1,1,0,1,SN,A,,
2026-02-14T08:54:16,13,29.1,81,110,2,1,1,0,1,SN,A,,
2026-02-14T08:59:16,14,29.1,81.2,108,1.6,1,1,0,1,SN,A,,
2026-02-14T09:04:16,15,28.9,81.4,110,2,1,1,0,1,SN,A,,
2026-02-14T09:09:16,16,28.9,81.7,115,3,1,1,0,1,SN,A,,
2026-02-14T09:14:16,17,28.5,83.1,112,2.4,1,1,0,1,SN,A,,
2026-02-14T09:19:16,18,28.3,84,107,1.4,1,1,0,1,SN,A,,
2026-02-14T09:24:16,19,28.4,84.2,95,0,1,1,0,1,SN,A,,
2026-02-14T09:29:16,20,28,85.7,116,3.2,1,2,0,1,SN,A,,
2026-02-14T09:34:16,21,28.2,85.6,116,3.2,1,2,0,1,SN,A,,
2026-02-14T09:39:16,22,28.1,85.3,109,1.8,1,2,0,1,SN,A,,
2026-02-14T09:44:16,23,28.1,85.2,110,2,1,2,0,1,SN,A,,
2026-02-14T09:49:16,24,28,84.7,131,6.2,1,1,0,1,SN,A,,
2026-02-14T09:54:16,25,27.7,100,123,4.6,1,2,0,1,SN,A,,
2026-02-14T09:59:16,26,27.5,100,118,3.6,1,2,0,1,SN,A,,
2026-02-14T10:04:16,27,27.3,100,112,2.4,1,2,0,1,SN,A,,
2026-02-14T10:09:16,28,27.3,100,114,2.8,1,2,0,1,SN,A,,
2026-02-14T10:14:16,29,27.4,99.3,129,5.8,1,2,0,1,SN,A,,
2026-02-14T10:19:16,30,27.8,93.1,123,4.6,1,2,0,1,SN,A,,
2026-02-14T10:24:16,31,27.9,92,131,6.2,1,2,0,1,SN,A,,
2026-02-14T10:29:16,32,27.8,93,137,7.4,1,2,0,1,SN,A,,
2026-02-14T10:34:16,33,27.9,92,133,6.6,1,2,0,1,SN,A,,
2026-02-14T10:39:16,34,28.2,91.9,126,5.2,1,2,0,1,SN,A,,
2026-02-14T10:44:16,35,27.9,91.1,119,3.8,1,2,0,1,SN,A,,
2026-02-14T10:49:16,36,27.7,92.4,118,3.6,1,2,0,1,SN,A,,
2026-02-14T10:54:16,37,28.1,91.8,119,3.8,1,2,0,1,SN,A,,
2026-02-14T10:59:16,38,28.6,87.6,116,3.2,1,2,0,1,SN,A,,
2026-02-14T11:04:16,39,28.7,85,114,2.8,1,1,0,1,SN,A,,
2026-02-14T11:09:16,40,28.1,86.8,130,6,1,2,0,1,SN,A,,
2026-02-14T11:14:16,41,27.8,89,145,9,1,2,0,1,SN,A,,
2026-02-14T11:19:16,42,27.6,90,103,0.6,1,2,0,1,SN,A,,
2026-02-14T11:24:16,43,29.1,85,110,2,1,1,0,1,SN,A,,
2026-02-14T11:29:16,44,28.9,84.3,107,1.4,1,1,0,1,SN,A,,
2026-02-14T11:34:16,45,28.7,82,111,2.2,1,1,0,1,SN,A,,
2026-02-14T11:39:16,46,29.1,83.6,112,2.4,1,1,0,1,SN,A,,
2026-02-14T11:44:16,47,29.3,82.5,112,2.4,1,1,0,1,SN,A,,
2026-02-14T11:49:16,48,29.8,82,116,3.2,1,1,0,1,SN,A,,
2026-02-14T11:54:16,49,30.3,78.6,105,1,1,1,0,1,SN,A,,
2026-02-14T11:59:16,50,30.2,78.7,122,4.4,1,1,0,1,SN,A,,
2026-02-14T12:04:16,51,30.5,78.4,124,4.8,1,1,0,1,SN,A,,
2026-02-14T12:09:16,52,30.3,78.9,130,6,1,1,0,1,SN,A,,
2026-02-14T12:14:16,53,30.9,77.7,134,6.8,1,1,0,1,SN,A,,
2026-02-14T12:19:16,54,31.1,76.5,113,2.6,1,1,0,1,SN,A,,
2026-02-14T12:24:16,55,30.4,77.4,111,2.2,1,1,0,1,SN,A,,
2026-02-14T12:29:16,56,30.5,77,127,5.4,1,1,0,1,SN,A,,
2026-02-14T12:34:16,57,30.8,77.7,124,4.8,1,1,0,1,SN,A,,
2026-02-14T12:39:16,58,31,76.9,130,6,1,1,0,1,SN,A,,
2026-02-14T12:44:16,59,31.5,74.5,119,3.8,1,1,0,1,SN,A,,
2026-02-14T12:49:16,60,32.2,74,122,4.4,1,1,0,1,SN,A,,
2026-02-14T12:54:16,61,32.7,72.2,111,2.2,1,1,0,1,SN,A,,
2026-02-14T12:59:16,62,32.6,71.5,109,1.8,1,1,0,1,SN,A,,
2026-02-14T13:04:16,63,32.6,70.2,102,0.4,1,1,0,1,SN,A,,
2026-02-14T13:09:16,64,32.8,68.8,115,3,1,0,0,0,N,A,,
2026-02-14T13:14:16,65,32.5,69,181,16.2,1,0,0,0,N,A,,
2026-02-14T13:19:16,66,33.2,69.4,152,10.4,2,0,0,1,SN,A,,
2026-02-14T13:24:16,67,34.1,65.1,117,3.4,2,0,0,1,SN,A,,
2026-02-14T13:29:16,68,35,64,154,10.8,2,0,0,1,SN,A,,
2026-02-14T13:34:16,69,33,68.9,190,18,2,0,0,1,SN,A,,
2026-02-14T13:39:16,70,34,66.6,165,13,2,0,0,1,SN,A,,
2026-02-14T13:44:16,71,34,65.3,165,13,2,0,0,1,SN,A,,
2026-02-14T13:49:16,72,34.1,64.6,208,21.6,2,0,0,1,SN,A,,
2026-02-14T13:54:16,73,34,65.4,201,20.2,2,0,0,1,SN,A,,
2026-02-14T13:59:16,74,33.9,65.1,190,18,2,0,0,1,SN,A,,
2026-02-14T14:04:16,75,33.6,64.3,214,22.8,2,0,0,1,SN,A,,
2026-02-14T14:09:16,76,33.6,65.5,218,23.6,2,0,0,1,SN,A,,
2026-02-14T14:14:16,77,33.4,67.4,208,21.6,2,0,0,1,SN,A,,
2026-02-14T14:19:16,78,33.6,66,170,14,2,0,0,1,SN,A,,
2026-02-14T14:24:16,79,33.6,65.8,205,21,2,0,0,1,SN,A,,
2026-02-14T14:29:16,80,33.1,66.8,142,8.4,2,0,0,1,SN,A,,
2026-02-14T14:34:16,81,32.6,67.6,178,15.6,1,0,0,0,N,A,,
2026-02-14T14:39:15,82,32.3,70,184,16.8,1,0,0,0,N,A,,
2026-02-14T14:44:16,83,32.1,69.8,186,17.2,1,0,0,0,N,A,,
2026-02-14T14:49:15,84,31.8,71.3,133,6.6,1,1,0,1,SN,A,,
2026-02-14T14:54:15,85,29.3,78.3,127,5.4,1,1,0,1,SN,A,,
2026-02-14T14:59:15,86,30.1,79,119,3.8,1,1,0,1,SN,A,,
2026-02-14T15:04:15,87,29.1,81.6,115,3,1,1,0,1,SN,A,,
2026-02-14T15:09:15,88,29,83.7,128,5.6,1,1,0,1,SN,A,,
2026-02-14T15:14:15,89,29,82.3,130,6,1,1,0,1,SN,A,,
2026-02-14T15:19:15,90,28.5,79.9,128,5.6,1,1,0,1,SN,A,,
2026-02-14T15:24:15,91,28.8,80.9,129,5.8,1,1,0,1,SN,A,,
2026-02-14T15:29:15,92,29.3,80.1,139,7.8,1,1,0,1,SN,A,,
2026-02-14T15:34:15,93,29.4,79.8,137,7.4,1,1,0,1,SN,A,,
2026-02-14T15:39:16,94,28.9,82.6,144,8.8,1,1,0,1,SN,A,,
2026-02-14T15:44:15,95,29.2,81.4,143,8.6,1,1,0,1,SN,A,,
2026-02-14T15:49:15,96,29.3,81.9,171,14.2,1,1,0,1,SN,A,,
2026-02-14T15:54:15,97,29.4,81.1,133,6.6,1,1,0,1,SN,A,,
2026-02-14T15:59:15,98,30.5,76,94,0,1,1,0,1,SN,A,,
2026-02-14T16:04:15,99,30.3,75.1,163,12.6,1,1,0,1,SN,A,,
2026-02-14T16:09:15,100,29.9,76,162,12.4,1,1,0,1,SN,A,,
2026-02-14T16:14:15,101,29.7,76.8,162,12.4,1,1,0,1,SN,A,,
2026-02-14T16:19:15,102,29.3,79.4,159,11.8,1,1,0,1,SN,A,,
2026-02-14T16:24:15,103,29.1,79.8,151,10.2,1,1,0,1,SN,A,,
2026-02-14T16:29:15,104,29.2,79.7,137,7.4,1,1,0,1,SN,A,,
2026-02-14T16:34:15,105,28.2,83.6,119,3.8,1,1,0,1,SN,A,,
2026-02-14T16:39:15,106,28.1,83.7,157,11.4,1,1,0,1,SN,A,,
2026-02-14T16:44:15,107,27.7,87.5,151,10.2,1,2,0,1,SN,A,,
2026-02-14T16:49:15,108,27.8,85.3,151,10.2,1,2,0,1,SN,A,,
2026-02-14T16:54:15,109,27.7,86.3,150,10,1,2,0,1,SN,A,,
2026-02-14T16:59:15,110,27.5,88,149,9.8,1,2,0,1,SN,A,,
2026-02-14T17:04:15,111,27,90.1,197,19.4,1,2,0,1,SN,A,,
2026-02-14T17:09:15,112,27.1,91.9,196,19.2,1,2,0,1,SN,A,,
2026-02-14T17:14:15,113,27.3,90.4,201,20.2,1,2,0,1,SN,A,,
2026-02-14T17:19:15,114,27.4,92.7,197,19.4,1,2,0,1,SN,A,,
2026-02-14T17:24:15,115,27.6,90.6,200,20,1,2,0,1,SN,A,,
2026-02-14T17:29:15,116,26.6,92.1,200,20,0,2,0,1,SN,A,,
2026-02-14T17:34:15,117,26.2,93.1,202,20.4,0,2,0,1,SN,A,,
2026-02-14T17:39:15,118,26.2,91.7,215,23,0,2,0,1,SN,A,,
2026-02-14T17:44:15,119,26.3,90.5,265,33,0,2,1,1,SN,A,,
2026-02-14T17:49:15,120,26.7,90.7,306,41.2,0,2,2,1,SN,A,,
2026-02-14T17:54:15,121,26.4,89.6,266,33.2,0,2,1,1,SN,A,,
2026-02-14T17:59:15,122,26.2,91.7,261,32.2,0,2,1,1,SN,A,,
2026-02-14T18:04:15,123,26.1,92.1,232,26.4,0,2,1,1,SN,A,,
2026-02-14T18:09:15,124,26,91.7,229,25.8,0,2,1,1,SN,A,,
2026-02-14T18:14:15,125,26,91.5,229,25.8,0,2,1,1,SN,A,,
2026-02-14T18:19:15,126,25.9,91.6,228,25.6,0,2,1,1,SN,A,,
2026-02-14T18:24:15,127,25.9,90.9,231,26.2,0,2,1,1,SN,A,,
2026-02-14T18:29:15,128,25.9,91.3,230,26,0,2,1,1,SN,A,,
2026-02-14T18:34:15,129,26.4,90.5,231,26.2,0,2,1,1,SN,A,,
2026-02-14T18:39:15,130,26.4,91,228,25.6,0,2,1,1,SN,A,,
2026-02-14T18:44:15,131,25.9,90.7,230,26,0,2,1,1,SN,A,,
2026-02-14T18:49:15,132,25.8,90.5,240,28,0,2,1,1,SN,A,,
2026-02-14T18:54:15,133,25.8,90.4,234,26.8,0,2,1,1,SN,A,,
2026-02-14T18:59:15,134,25.6,91.1,234,26.8,0,2,1,1,SN,A,,
2026-02-14T19:04:15,135,25.5,91.5,232,26.4,0,2,1,1,SN,A,,
2026-02-14T19:09:15,136,25.5,91.2,238,27.6,0,2,1,1,SN,A,,
2026-02-14T19:14:15,137,25.6,91.5,244,28.8,0,2,1,1,SN,A,,
2026-02-14T19:19:15,138,26.6,87.5,165,13,0,2,0,1,SN,A,,
2026-02-14T19:24:15,139,27.5,87.1,160,12,1,2,0,1,SN,A,,
2026-02-14T19:29:15,140,28.7,82,125,5,1,1,0,1,SN,A,,
2026-02-14T19:34:15,141,28.4,82.5,121,4.2,1,1,0,1,SN,A,,
2026-02-14T19:39:15,142,28.4,82,136,7.2,1,1,0,1,SN,A,,
2026-02-14T19:44:15,143,28.4,83.1,159,11.8,1,1,0,1,SN,A,,
2026-02-14T06:38:42,0,28.5,81.5,126,5.2,1,1,0,1,SN,B,14.320739,120.984581
2026-02-14T06:43:41,1,28.1,81.5,124,4.8,1,1,0,1,SN,B,14.320739,120.984581
2026-02-14T06:48:41,2,28.9,79.6,134,6.8,1,1,0,1,SN,B,14.320739,120.984581
2026-02-14T06:53:41,3,29.1,78.1,140,8,1,1,0,1,SN,B,14.320739,120.984581
2026-02-14T06:58:41,4,28.4,80.3,139,7.8,1,1,0,1,SN,B,14.320739,120.984581
2026-02-14T07:03:41,5,28.4,81.3,119,3.8,1,1,0,1,SN,B,14.320739,120.984581
2026-02-14T07:08:41,6,28.5,80.9,128,5.6,1,1,0,1,SN,B,14.320739,120.984581
2026-02-14T07:13:41,7,28.2,82.3,116,3.2,1,1,0,1,SN,B,14.320739,120.984581
2026-02-14T07:18:41,8,28.6,80.7,100,0,1,1,0,1,SN,B,14.320739,120.984581
2026-02-14T07:23:41,9,28.7,80.3,104,0.8,1,1,0,1,SN,B,14.320739,120.984581
2026-02-14T07:28:41,10,28.6,80,101,0.2,1,1,0,1,SN,B,14.320739,120.984581
2026-02-14T07:33:41,11,28.8,79.7,100,0,1,1,0,1,SN,B,14.320739,120.984581
2026-02-14T07:38:41,12,29.9,76,103,0.6,1,1,0,1,SN,B,14.320739,120.984581
2026-02-14T07:43:41,13,28.5,81.1,97,0,1,1,0,1,SN,B,14.320739,120.984581
2026-02-14T07:48:41,14,28.6,81.3,95,0,1,1,0,1,SN,B,14.320739,120.984581
2026-02-14T07:53:41,15,28.5,81.8,104,0.8,1,1,0,1,SN,B,14.320739,120.984581
2026-02-14T07:58:41,16,29.3,79.1,102,0.4,1,1,0,1,SN,B,14.320739,120.984581
2026-02-14T08:03:41,17,27.9,84.8,96,0,1,1,0,1,SN,B,14.320739,120.984581
2026-02-14T08:08:41,18,27.9,85.2,105,1,1,2,0,1,SN,B,14.320739,120.984581
2026-02-14T08:13:41,19,28.4,84.4,119,3.8,1,1,0,1,SN,B,14.320739,120.984581
2026-02-14T08:18:41,20,28.5,83.1,96,0,1,1,0,1,SN,B,14.320739,120.984581
2026-02-14T08:23:41,21,29,82,106,1.2,1,1,0,1,SN,B,14.320739,120.984581
2026-02-14T08:28:41,22,28.6,83.5,85,0,1,1,0,1,SN,B,14.320739,120.984581
2026-02-14T08:33:41,23,28.4,84.4,92,0,1,1,0,1,SN,B,14.320739,120.984581
2026-02-14T08:38:41,24,28.3,84.1,91,0,1,1,0,1,SN,B,14.320739,120.984581
2026-02-14T08:43:41,25,28.1,84.9,89,0,1,1,0,1,SN,B,14.320739,120.984581
2026-02-14T08:48:41,26,28.2,84.3,86,0,1,1,0,1,SN,B,14.320739,120.984581
2026-02-14T08:53:41,27,28.1,89.4,101,0.2,1,2,0,1,SN,B,14.320739,120.984581
2026-02-14T08:58:41,28,27.6,87.1,86,0,1,2,0,1,SN,B,14.320739,120.984581
2026-02-14T09:03:41,29,28,86.9,86,0,1,2,0,1,SN,B,14.320739,120.984581
2026-02-14T09:08:41,30,28,86.2,78,0,1,2,0,1,SN,B,14.320739,120.984581
2026-02-14T09:13:41,31,27.9,86.2,84,0,1,2,0,1,SN,B,14.320739,120.984581
2026-02-14T09:18:41,32,27.5,87.2,82,0,1,2,0,1,SN,B,14.320739,120.984581
2026-02-14T09:23:41,33,27.3,87.8,79,0,1,2,0,1,SN,B,14.320739,120.984581
2026-02-14T09:28:41,34,29.2,82.9,80,0,1,1,0,1,SN,B,14.320739,120.984581
2026-02-14T09:33:41,35,29.1,82.9,90,0,1,1,0,1,SN,B,14.320739,120.984581
2026-02-14T09:38:41,36,29.7,80.6,79,0,1,1,0,1,SN,B,14.320739,120.984581
2026-02-14T09:43:41,37,27.8,85.4,79,0,1,2,0,1,SN,B,14.320739,120.984581
2026-02-14T09:48:41,38,27.4,86.8,79,0,1,2,0,1,SN,B,14.320739,120.984581
2026-02-14T09:53:41,39,28.3,84.2,96,0,1,1,0,1,SN,B,14.320739,120.984581
2026-02-14T09:58:41,40,28.8,82.5,83,0,1,1,0,1,SN,B,14.320739,120.984581
2026-02-14T10:03:41,41,28.8,82.8,112,2.4,1,1,0,1,SN,B,14.320739,120.984581
2026-02-14T10:08:41,42,29.9,78.6,79,0,1,1,0,1,SN,B,14.320739,120.984581
2026-02-14T10:13:40,43,29.5,79.6,97,0,1,1,0,1,SN,B,14.320739,120.984581
2026-02-14T10:18:40,44,30.3,78.9,97,0,1,1,0,1,SN,B,14.320739,120.984581
2026-02-14T10:23:40,45,30.1,79.7,90,0,1,1,0,1,SN,B,14.320739,120.984581
2026-02-14T10:28:40,46,30.3,80.1,92,0,1,1,0,1,SN,B,14.320739,120.984581
2026-02-14T10:33:40,47,30,81.5,94,0,1,1,0,1,SN,B,14.320739,120.984581
2026-02-14T10:38:40,48,30.2,81,106,1.2,1,1,0,1,SN,B,14.320739,120.984581
2026-02-14T10:43:40,49,30.1,80.7,93,0,1,1,0,1,SN,B,14.320739,120.984581
2026-02-14T10:48:40,50,30.4,79.4,90,0,1,1,0,1,SN,B,14.320739,120.984581
2026-02-14T10:53:40,51,29.7,81.7,92,0,1,1,0,1,SN,B,14.320739,120.984581
2026-02-14T10:58:40,52,29.4,79.5,94,0,1,1,0,1,SN,B,14.320739,120.984581
2026-02-14T11:03:40,53,29.9,81.4,95,0,1,1,0,1,SN,B,14.320739,120.984581
2026-02-14T11:08:40,54,30,81.8,93,0,1,1,0,1,SN,B,14.320739,120.984581
2026-02-14T11:13:40,55,29.4,81.7,99,0,1,1,0,1,SN,B,14.320739,120.984581
2026-02-14T11:18:40,56,29.6,80.6,96,0,1,1,0,1,SN,B,14.320739,120.984581
2026-02-14T11:23:40,57,29.4,82.3,109,1.8,1,1,0,1,SN,B,14.320739,120.984581
2026-02-14T11:28:40,58,31.3,77,92,0,1,1,0,1,SN,B,14.320739,120.984581
2026-02-14T11:33:40,59,29.2,81.4,108,1.6,1,1,0,1,SN,B,14.320739,120.984581
2026-02-14T11:38:40,60,29.3,79.5,95,0,1,1,0,1,SN,B,14.320739,120.984581
2026-02-14T11:43:40,61,29.3,81.3,113,2.6,1,1,0,1,SN,B,14.320739,120.984581
2026-02-14T11:48:40,62,29.3,79.9,118,3.6,1,1,0,1,SN,B,14.320739,120.984581
2026-02-14T11:53:40,63,30.8,77.8,130,6,1,1,0,1,SN,B,14.320739,120.984581
2026-02-14T11:58:40,64,29.9,79.7,115,3,1,1,0,1,SN,B,14.320739,120.984581
2026-02-14T12:03:40,65,28.7,85.3,119,3.8,1,2,0,1,SN,B,14.320739,120.984581
2026-02-14T12:08:40,66,29.1,84.8,115,3,1,1,0,1,SN,B,14.320739,120.984581
2026-02-14T12:13:40,67,29.4,80.3,116,3.2,1,1,0,1,SN,B,14.320739,120.984581
2026-02-14T12:18:40,68,29.8,79.3,99,0,1,1,0,1,SN,B,14.320739,120.984581
2026-02-14T12:23:40,69,30.2,78.3,107,1.4,1,1,0,1,SN,B,14.320739,120.984581
2026-02-14T12:28:40,70,30.4,76.7,109,1.8,1,1,0,1,SN,B,14.320739,120.984581
2026-02-14T12:33:40,71,29.7,80.5,104,0.8,1,1,0,1,SN,B,14.320739,120.984581
2026-02-14T12:38:40,72,29.5,81.3,108,1.6,1,1,0,1,SN,B,14.320739,120.984581
2026-02-14T12:43:40,73,30.8,77.5,116,3.2,1,1,0,1,SN,B,14.320739,120.984581
2026-02-14T12:48:40,74,30.8,73.4,122,4.4,1,1,0,1,SN,B,14.320739,120.984581
2026-02-14T12:53:40,75,31.1,75,141,8.2,1,1,0,1,SN,B,14.320739,120.984581
2026-02-14T12:58:40,76,31.6,71.8,149,9.8,1,1,0,1,SN,B,14.320739,120.984581
2026-02-14T13:03:40,77,32.2,70.4,143,8.6,1,1,0,1,SN,B,14.320739,120.984581
2026-02-14T13:08:40,78,31,72.7,148,9.6,1,1,0,1,SN,B,14.320739,120.984581
2026-02-14T13:13:40,79,31.1,73,151,10.2,1,1,0,1,SN,B,14.320739,120.984581
2026-02-14T13:18:40,80,32,71.9,162,12.4,1,1,0,1,SN,B,14.320739,120.984581
2026-02-14T13:23:40,81,32.1,71,178,15.6,1,1,0,1,SN,B,14.320739,120.984581
2026-02-14T13:28:40,82,32.3,69.8,151,10.2,1,0,0,0,N,B,14.320739,120.984581
2026-02-14T13:33:40,83,32.4,69.8,156,11.2,1,0,0,0,N,B,14.320739,120.984581
2026-02-14T13:38:40,84,32.7,68.5,157,11.4,1,0,0,0,N,B,14.320739,120.984581
2026-02-14T13:43:40,85,32.4,70.3,187,17.4,1,1,0,1,SN,B,14.320739,120.984581
2026-02-14T13:48:40,86,32,72.2,196,19.2,1,1,0,1,SN,B,14.320739,120.984581
2026-02-14T13:53:40,87,32.3,71.4,190,18,1,1,0,1,SN,B,14.320739,120.984581
2026-02-14T13:58:40,88,32.8,68.8,163,12.6,1,0,0,0,N,B,14.320739,120.984581
2026-02-14T14:03:40,89,32.2,70,157,11.4,1,0,0,0,N,B,14.320739,120.984581
2026-02-14T14:08:40,90,30.9,72.6,128,5.6,1,1,0,1,SN,B,14.320739,120.984581
2026-02-14T14:13:40,91,31.3,72.2,187,17.4,1,1,0,1,SN,B,14.320739,120.984581
2026-02-14T14:18:40,92,31.6,71,172,14.4,1,1,0,1,SN,B,14.320739,120.984581
2026-02-14T14:23:40,93,35,60.5,154,10.8,2,0,0,1,SN,B,14.320739,120.984581
2026-02-14T14:28:40,94,35.8,60.5,125,5,2,0,0,1,SN,B,14.320739,120.984581
2026-02-14T14:33:40,95,36,61,137,7.4,2,0,0,1,SN,B,14.320739,120.984581
2026-02-14T14:38:40,96,35,63.2,129,5.8,2,0,0,1,SN,B,14.320739,120.984581
2026-02-14T14:43:40,97,34.4,66.1,132,6.4,2,0,0,1,SN,B,14.320739,120.984581
2026-02-14T14:48:40,98,33.5,66.7,149,9.8,2,0,0,1,SN,B,14.320739,120.984581
2026-02-14T14:53:40,99,33.7,65.6,125,5,2,0,0,1,SN,B,14.320739,120.984581
2026-02-14T14:58:40,100,31.4,74.7,115,3,1,1,0,1,SN,B,14.320739,120.984581
2026-02-14T15:03:40,101,29.9,80.1,116,3.2,1,1,0,1,SN,B,14.320739,120.984581
2026-02-14T15:08:40,102,30.2,78.5,129,5.8,1,1,0,1,SN,B,14.320739,120.984581
2026-02-14T15:13:40,103,30.2,79.4,126,5.2,1,1,0,1,SN,B,14.320739,120.984581
2026-02-14T15:18:40,104,30,78.4,133,6.6,1,1,0,1,SN,B,14.320739,120.984581
2026-02-14T15:23:40,105,30.6,77.3,142,8.4,1,1,0,1,SN,B,14.320739,120.984581
2026-02-14T15:28:40,106,30.4,80.2,140,8,1,1,0,1,SN,B,14.320739,120.984581
2026-02-14T15:33:40,107,30.6,76.3,145,9,1,1,0,1,SN,B,14.320739,120.984581
2026-02-14T15:38:40,108,30.4,77.1,138,7.6,1,1,0,1,SN,B,14.320739,120.984581
2026-02-14T15:43:40,109,30.9,75.7,124,4.8,1,1,0,1,SN,B,14.320739,120.984581
2026-02-14T15:48:40,110,31.3,74.1,125,5,1,1,0,1,SN,B,14.320739,120.984581
2026-02-14T15:53:40,111,31.2,75.2,147,9.4,1,1,0,1,SN,B,14.320739,120.984581
2026-02-14T15:58:40,112,30.7,75.2,163,12.6,1,1,0,1,SN,B,14.320739,120.984581
2026-02-14T16:03:40,113,31,74.9,158,11.6,1,1,0,1,SN,B,14.320739,120.984581
2026-02-14T16:08:40,114,31.1,73.9,149,9.8,1,1,0,1,SN,B,14.320739,120.984581
2026-02-14T16:13:40,115,30,75.9,108,1.6,1,1,0,1,SN,B,14.320739,120.984581
2026-02-14T16:18:40,116,29.3,79.7,100,0,1,1,0,1,SN,B,14.320739,120.984581
2026-02-14T16:23:40,117,30.8,78.4,120,4,1,1,0,1,SN,B,14.320739,120.984581
2026-02-14T16:28:40,118,33.6,68.6,98,0,2,0,0,1,SN,B,14.320739,120.984581
2026-02-14T16:33:40,119,34,68.4,118,3.6,2,0,0,1,SN,B,14.320739,120.984581
2026-02-14T16:38:40,120,33.6,71.4,157,11.4,2,1,0,1,SN,B,14.320739,120.984581
2026-02-14T16:43:40,121,34.4,68.6,137,7.4,2,0,0,1,SN,B,14.320739,120.984581
2026-02-14T16:48:40,122,34.8,70.1,188,17.6,2,1,0,1,SN,B,14.320739,120.984581
2026-02-14T16:53:40,123,34.9,69.2,193,18.6,2,0,0,1,SN,B,14.320739,120.984581
2026-02-14T16:58:40,124,34.2,70.7,172,14.4,2,1,0,1,SN,B,14.320739,120.984581
2026-02-14T17:03:40,125,34.3,70.7,182,16.4,2,1,0,1,SN,B,14.320739,120.984581
2026-02-14T17:08:40,126,34.1,70.6,189,17.8,2,1,0,1,SN,B,14.320739,120.984581
2026-02-14T17:13:40,127,32.4,73.8,211,22.2,1,1,0,1,SN,B,14.320739,120.984581
2026-02-14T17:16:57,128,32.1,75.9,252,30.4,1,1,1,1,SN,B,14.320739,120.984581
2026-02-14T17:21:56,129,30.3,76.6,136,7.2,1,1,0,1,SN,B,14.320739,120.984581
2026-02-14T17:26:56,130,29.2,79.3,108,1.6,1,1,0,1,SN,B,14.320739,120.984581
2026-02-14T17:31:56,131,29,79.1,110,2,1,1,0,1,SN,B,14.320739,120.984581
2026-02-14T17:36:56,132,28.8,79.3,98,0,1,1,0,1,SN,B,14.320739,120.984581
2026-02-14T17:41:56,133,29,79.6,94,0,1,1,0,1,SN,B,14.320739,120.984581
2026-02-14T17:46:56,134,29.4,79.4,119,3.8,1,1,0,1,SN,B,14.320739,120.984581
2026-02-14T17:51:56,135,30.1,76.9,101,0.2,1,1,0,1,SN,B,14.320739,120.984581
2026-02-14T17:56:56,136,29.6,78.9,134,6.8,1,1,0,1,SN,B,14.320739,120.984581
2026-02-14T18:01:56,137,28.6,80.5,129,5.8,1,1,0,1,SN,B,14.320739,120.984581
2026-02-14T18:06:56,138,29,79.6,139,7.8,1,1,0,1,SN,B,14.320739,120.984581
2026-02-14T18:11:56,139,29.3,78.3,143,8.6,1,1,0,1,SN,B,14.320739,120.984581
2026-02-14T18:16:56,140,29.3,77.6,153,10.6,1,1,0,1,SN,B,14.320739,120.984581
2026-02-14T18:21:56,141,29.1,76.7,178,15.6,1,1,0,1,SN,B,14.320739,120.984581
2026-02-14T18:26:56,142,28.7,78.4,171,14.2,1,1,0,1,SN,B,14.320739,120.984581
2026-02-14T18:31:56,143,28.9,77.2,177,15.4,1,1,0,1,SN,B,14.320739,120.984581
2026-02-14T07:48:23,0,29.5,63.9,140,8,1,0,0,1,SN,C,,
2026-02-14T07:53:23,1,28.5,76.1,156,11.2,1,1,0,1,SN,C,,
2026-02-14T07:58:23,2,26.5,84.8,90,0,0,1,0,0,N,C,,
2026-02-14T08:06:26,3,26.1,87.2,89,0,0,2,0,1,SN,C,,
2026-02-14T08:17:18,4,25.9,88.6,87,0,0,2,0,1,SN,C,,
2026-02-14T08:17:19,5,25.8,89.8,87,0,0,2,0,1,SN,C,,
2026-02-14T08:18:23,6,26.1,88.6,93,0,0,2,0,1,SN,C,,
2026-02-14T08:27:33,7,26.3,87.2,95,0,0,2,0,1,SN,C,,
2026-02-14T08:28:23,8,26.4,86.7,79,0,0,2,0,1,SN,C,,
2026-02-14T08:37:33,9,26.3,87.7,79,0,0,2,0,1,SN,C,,
2026-02-14T08:45:40,10,26.1,87.7,81,0,0,2,0,1,SN,C,,
2026-02-14T08:45:40,11,26.2,88.5,84,0,0,2,0,1,SN,C,,
2026-02-14T08:48:23,12,26.1,88.5,69,0,0,2,0,1,SN,C,,
2026-02-14T08:53:23,13,26.2,89,82,0,0,2,0,1,SN,C,,
2026-02-14T08:58:23,14,25.9,90.8,67,0,0,2,0,1,SN,C,,
2026-02-14T09:07:22,15,25.5,92.3,70,0,0,2,0,1,SN,C,,
2026-02-14T09:08:23,16,25.4,92.6,77,0,0,2,0,1,SN,C,,
2026-02-14T09:13:23,17,25.7,94,86,0,0,2,0,1,SN,C,,
2026-02-14T09:23:23,18,25.9,90.6,94,0,0,2,0,1,SN,C,,
2026-02-14T09:28:23,19,26,89.5,90,0,0,2,0,1,SN,C,,
2026-02-14T09:33:23,20,26.3,89.7,115,3,0,2,0,1,SN,C,,
2026-02-14T09:39:16,21,26.4,88.2,104,0.8,0,2,0,1,SN,C,,
2026-02-14T09:43:23,22,26.3,87.6,69,0,0,2,0,1,SN,C,,
2026-02-14T09:48:23,23,26.1,89.3,71,0,0,2,0,1,SN,C,,
2026-02-14T09:53:23,24,26.9,85.6,81,0,0,2,0,1,SN,C,,
2026-02-14T09:58:23,25,26.7,86.6,103,0.6,0,2,0,1,SN,C,,
2026-02-14T10:03:23,26,26.3,87.8,77,0,0,2,0,1,SN,C,,
2026-02-14T10:11:09,27,26.3,88.4,83,0,0,2,0,1,SN,C,,
2026-02-14T10:14:59,28,26.3,88.9,92,0,0,2,0,1,SN,C,,
2026-02-14T10:26:28,29,27.1,86.5,103,0.6,1,2,0,1,SN,C,,
2026-02-14T10:26:29,30,27.5,85,124,4.8,1,1,0,1,SN,C,,
2026-02-14T10:33:23,31,27.9,85.1,114,2.8,1,2,0,1,SN,C,,
2026-02-14T10:39:50,32,27.8,84.4,131,6.2,1,1,0,1,SN,C,,
2026-02-14T10:50:48,33,27.6,79.1,170,14,1,1,0,1,SN,C,,
2026-02-14T10:53:23,34,27.5,80.4,175,15,1,1,0,1,SN,C,,
2026-02-14T10:59:43,35,27.1,80.8,173,14.6,1,1,0,1,SN,C,,
2026-02-14T11:18:23,36,29.6,75.8,155,11,1,1,0,1,SN,C,,
2026-02-14T11:23:23,37,28.9,77.1,92,0,1,1,0,1,SN,C,,
2026-02-14T11:28:23,38,29.3,75.9,82,0,1,1,0,1,SN,C,,
2026-02-14T11:33:23,39,29.8,75.1,87,0,1,1,0,1,SN,C,,
2026-02-14T11:38:23,40,29.4,75.1,96,0,1,1,0,1,SN,C,,
2026-02-14T11:44:24,41,29.7,73.1,92,0,1,1,0,1,SN,C,,
2026-02-14T11:48:23,42,29.8,72.5,93,0,1,1,0,1,SN,C,,
2026-02-14T11:53:23,43,30.4,70.1,107,1.4,1,1,0,1,SN,C,,
2026-02-14T12:05:19,44,30.8,69.7,113,2.6,1,0,0,0,N,C,,
2026-02-14T12:05:20,45,30.7,70.2,137,7.4,1,1,0,1,SN,C,,
2026-02-14T12:08:23,46,30.9,71.1,179,15.8,1,1,0,1,SN,C,,
2026-02-14T12:13:23,47,31.1,72.2,131,6.2,1,1,0,1,SN,C,,
2026-02-14T12:23:23,48,29.7,72.9,83,0,1,1,0,1,SN,C,,
2026-02-14T12:33:58,49,29.9,71.6,77,0,1,1,0,1,SN,C,,
2026-02-14T12:33:58,50,29.6,70.2,80,0,1,1,0,1,SN,C,,
2026-02-14T12:38:30,51,29.7,69.3,89,0,1,0,0,0,N,C,,
2026-02-14T12:43:23,52,30,71.7,98,0,1,1,0,1,SN,C,,
2026-02-14T12:52:44,53,30.1,68.8,112,2.4,1,0,0,0,N,C,,
2026-02-14T12:53:23,54,30.4,69.1,106,1.2,1,0,0,0,N,C,,
2026-02-14T13:03:16,55,30.4,70.1,98,0,1,1,0,1,SN,C,,
2026-02-14T13:09:43,56,30.6,66.7,100,0,1,0,0,0,N,C,,
2026-02-14T13:09:43,57,30.5,68.5,98,0,1,0,0,0,N,C,,
2026-02-14T13:13:23,58,30.8,67.7,100,0,1,0,0,0,N,C,,
2026-02-14T13:23:27,59,30.4,66.9,104,0.8,1,0,0,0,N,C,,
2026-02-14T13:23:27,60,30.5,68.3,106,1.2,1,0,0,0,N,C,,
2026-02-14T13:28:23,61,30.3,67.3,101,0.2,1,0,0,0,N,C,,
2026-02-14T13:33:42,62,30,70.2,116,3.2,1,1,0,1,SN,C,,
2026-02-14T13:40:34,63,29.9,69.6,133,6.6,1,0,0,0,N,C,,
2026-02-14T13:43:23,64,30.2,69.3,134,6.8,1,0,0,0,N,C,,
2026-02-14T13:55:40,65,30.5,66.4,133,6.6,1,0,0,0,N,C,,
2026-02-14T13:55:40,66,30.3,68.5,132,6.4,1,0,0,0,N,C,,
2026-02-14T14:03:51,67,30.3,67.6,133,6.6,1,0,0,0,N,C,,
2026-02-14T14:03:51,68,30.4,69.8,133,6.6,1,0,0,0,N,C,,
2026-02-14T14:16:33,69,30.6,65.4,125,5,1,0,0,0,N,C,,
2026-02-14T14:16:33,70,30.4,66.8,128,5.6,1,0,0,0,N,C,,
2026-02-14T14:36:16,71,30.5,64.7,133,6.6,1,0,0,0,N,C,,
2026-02-14T14:36:17,72,30.7,65.4,128,5.6,1,0,0,0,N,C,,
2026-02-14T14:36:17,73,30.2,65.9,129,5.8,1,0,0,0,N,C,,
2026-02-14T14:36:17,74,30.4,67.6,126,5.2,1,0,0,0,N,C,,
2026-02-14T14:38:23,75,30.8,64.7,155,11,1,0,0,0,N,C,,
2026-02-14T14:48:02,76,30.7,64.2,156,11.2,1,0,0,0,N,C,,
2026-02-14T14:53:44,77,30.7,64.9,156,11.2,1,0,0,0,N,C,,
2026-02-14T14:53:44,78,30.3,65.9,154,10.8,1,0,0,0,N,C,,
2026-02-14T14:58:23,79,30.4,65.1,176,15.2,1,0,0,0,N,C,,
2026-02-14T15:03:23,80,30.1,69.8,143,8.6,1,0,0,0,N,C,,
2026-02-14T15:08:23,81,29.9,74.1,166,13.2,1,1,0,1,SN,C,,
2026-02-14T15:18:15,82,29.3,77.7,162,12.4,1,1,0,1,SN,C,,
2026-02-14T15:18:23,83,29.1,77.9,165,13,1,1,0,1,SN,C,,
2026-02-14T15:23:23,84,29.5,76.3,149,9.8,1,1,0,1,SN,C,,
2026-02-14T15:31:17,85,29.5,73.2,181,16.2,1,1,0,1,SN,C,,
2026-02-14T15:35:24,86,29.7,73.1,162,12.4,1,1,0,1,SN,C,,
2026-02-14T15:38:23,87,29.6,74.8,164,12.8,1,1,0,1,SN,C,,
2026-02-14T15:46:25,88,29.7,74.2,156,11.2,1,1,0,1,SN,C,,
2026-02-14T15:50:09,89,29.7,69.9,170,14,1,0,0,0,N,C,,
2026-02-14T15:53:23,90,29.5,74.7,159,11.8,1,1,0,1,SN,C,,
2026-02-14T16:00:53,91,29.6,72,126,5.2,1,1,0,1,SN,C,,
2026-02-14T16:03:23,92,29.5,72.7,118,3.6,1,1,0,1,SN,C,,
2026-02-14T16:10:34,93,29.7,70,119,3.8,1,0,0,0,N,C,,
2026-02-14T16:13:23,94,29.4,71.1,132,6.4,1,1,0,1,SN,C,,
2026-02-14T16:19:22,95,29.2,71.4,130,6,1,1,0,1,SN,C,,
2026-02-14T16:23:23,96,28.9,73.3,132,6.4,1,1,0,1,SN,C,,
2026-02-14T16:28:23,97,28.8,73.6,129,5.8,1,1,0,1,SN,C,,
2026-02-14T16:37:04,98,28.8,73.4,129,5.8,1,1,0,1,SN,C,,
2026-02-14T16:38:23,99,28.4,77.1,129,5.8,1,1,0,1,SN,C,,
2026-02-14T16:47:24,100,28.2,81.5,125,5,1,1,0,1,SN,C,,
2026-02-14T16:48:23,101,28.3,78.7,124,4.8,1,1,0,1,SN,C,,
2026-02-14T16:57:03,102,28.2,78.6,125,5,1,1,0,1,SN,C,,
2026-02-14T16:58:23,103,28.3,78.5,123,4.6,1,1,0,1,SN,C,,
2026-02-14T17:04:18,104,28.2,79.4,124,4.8,1,1,0,1,SN,C,,
2026-02-14T17:11:08,105,28.3,78.5,124,4.8,1,1,0,1,SN,C,,
2026-02-14T17:13:23,106,28.1,78.1,125,5,1,1,0,1,SN,C,,
2026-02-14T17:28:23,107,27.8,79.8,134,6.8,1,1,0,1,SN,C,,
2026-02-14T17:38:23,108,27.8,79.5,94,0,1,1,0,1,SN,C,,
2026-02-14T17:43:23,109,27.4,81.3,160,12,1,1,0,1,SN,C,,
2026-02-14T17:58:23,110,28.9,77.2,90,0,1,1,0,1,SN,C,,
2026-02-14T18:03:23,111,30.3,72.5,107,1.4,1,1,0,1,SN,C,,
2026-02-14T18:08:23,112,30.8,70.6,109,1.8,1,1,0,1,SN,C,,
2026-02-14T18:13:23,113,31,70.1,125,5,1,1,0,1,SN,C,,
2026-02-14T18:18:23,114,31,69.4,123,4.6,1,0,0,0,N,C,,
2026-02-14T18:23:23,115,30.8,68.8,158,11.6,1,0,0,0,N,C,,
2026-02-14T18:28:23,116,30.6,69.3,148,9.6,1,0,0,0,N,C,,
2026-02-14T18:33:23,117,29.4,71.4,176,15.2,1,1,0,1,SN,C,,
2026-02-14T18:38:23,118,28.7,73.5,163,12.6,1,1,0,1,SN,C,,
2026-02-14T18:46:37,119,28.2,75,171,14.2,1,1,0,1,SN,C,,
2026-02-14T18:48:23,120,27.9,76.5,155,11,1,1,0,1,SN,C,,
2026-02-14T18:53:23,121,27.8,76.7,128,5.6,1,1,0,1,SN,C,,
2026-02-14T18:58:23,122,27.7,77.4,150,10,1,1,0,1,SN,C,,
2026-02-14T19:05:01,123,27.7,77.9,167,13.4,1,1,0,1,SN,C,,
2026-02-14T19:08:23,124,27.5,78.4,170,14,1,1,0,1,SN,C,,
2026-02-14T19:13:23,125,27.5,78.4,177,15.4,1,1,0,1,SN,C,,
2026-02-14T19:20:27,126,27.4,78.8,182,16.4,1,1,0,1,SN,C,,
2026-02-14T19:23:23,127,27.3,79.3,181,16.2,1,1,0,1,SN,C,,
2026-02-14T19:28:23,128,27.3,79.6,214,22.8,1,1,0,1,SN,C,,
2026-02-14T19:33:23,129,27.5,78.9,231,26.2,1,1,1,1,SN,C,,
2026-02-14T19:38:23,130,27.6,78.7,239,27.8,1,1,1,1,SN,C,,
2026-02-14T19:43:23,131,27.5,79.1,240,28,1,1,1,1,SN,C,,
2026-02-14T19:49:45,132,27.5,79.3,242,28.4,1,1,1,1,SN,C,,
2026-02-14T19:53:23,133,27.3,79.7,237,27.4,1,1,1,1,SN,C,,
2026-02-14T19:58:23,134,27.5,79.3,238,27.6,1,1,1,1,SN,C,,
2026-02-14T20:03:23,135,28,77.6,204,20.8,1,1,0,1,SN,C,,
2026-02-14T20:08:23,136,27.7,78.7,225,25,1,1,0,1,SN,C,,
2026-02-14T20:15:26,137,27.6,79.2,208,21.6,1,1,0,1,SN,C,,
2026-02-14T20:18:23,138,27.9,78.9,214,22.8,1,1,0,1,SN,C,,
2026-02-14T20:23:33,139,28,79.1,214,22.8,1,1,0,1,SN,C,,
2026-02-14T20:28:23,140,27.8,78.9,200,20,1,1,0,1,SN,C,,
2026-02-14T20:33:23,141,27.7,78.7,192,18.4,1,1,0,1,SN,C,,
2026-02-14T20:38:23,142,27.6,80.2,198,19.6,1,1,0,1,SN,C,,
2026-02-14T20:43:34,143,27.5,81,194,18.8,1,1,0,1,SN,C,,
2026-02-15T06:28:24,0,27.4,88.4,145,9,1,2,0,1,SN,A,,
2026-02-15T06:33:24,1,26.9,90.5,101,0.2,0,2,0,1,SN,A,,
2026-02-15T06:38:24,2,25.5,96,89,0,0,2,0,1,SN,A,,
2026-02-15T06:43:24,3,25,99.4,86,0,0,2,0,1,SN,A,,
2026-02-15T06:48:24,4,24.9,99.9,86,0,0,2,0,1,SN,A,,
2026-02-15T06:53:24,5,24.9,100,86,0,0,2,0,1,SN,A,,
2026-02-15T06:58:24,6,24.9,100,82,0,0,2,0,1,SN,A,,
2026-02-15T07:03:24,7,25.1,100,77,0,0,2,0,1,SN,A,,
2026-02-15T07:08:24,8,25.2,99.9,79,0,0,2,0,1,SN,A,,
2026-02-15T07:13:24,9,25.3,99.6,76,0,0,2,0,1,SN,A,,
2026-02-15T07:18:24,10,25.2,99.3,130,6,0,2,0,1,SN,A,,
2026-02-15T07:23:24,11,26.5,97,81,0,0,2,0,1,SN,A,,
2026-02-15T07:28:24,12,27.4,91.6,86,0,1,2,0,1,SN,A,,
2026-02-15T07:33:24,13,27.3,91,94,0,1,2,0,1,SN,A,,
2026-02-15T07:38:24,14,26.9,92,97,0,0,2,0,1,SN,A,,
2026-02-15T07:43:24,15,26.9,92.9,116,3.2,0,2,0,1,SN,A,,
2026-02-15T07:48:24,16,26,96.7,126,5.2,0,2,0,1,SN,A,,
2026-02-15T07:53:24,17,26.7,94.2,147,9.4,0,2,0,1,SN,A,,
2026-02-15T07:58:24,18,28.2,88,157,11.4,1,2,0,1,SN,A,,
2026-02-15T08:03:24,19,28.4,86.4,152,10.4,1,2,0,1,SN,A,,
2026-02-15T08:08:23,20,28,88,153,10.6,1,2,0,1,SN,A,,
2026-02-15T08:13:24,21,28.2,87.1,153,10.6,1,2,0,1,SN,A,,
2026-02-15T08:18:23,22,28.7,86.1,158,11.6,1,2,0,1,SN,A,,
2026-02-15T08:23:23,23,29.1,84.3,159,11.8,1,1,0,1,SN,A,,
2026-02-15T08:28:23,24,28.9,84.8,154,10.8,1,1,0,1,SN,A,,
2026-02-15T08:33:23,25,28.7,85.7,163,12.6,1,2,0,1,SN,A,,
2026-02-15T08:38:23,26,28.8,85.8,169,13.8,1,2,0,1,SN,A,,
2026-02-15T08:43:23,27,29,84.8,134,6.8,1,1,0,1,SN,A,,
2026-02-15T08:48:23,28,27.7,90.3,129,5.8,1,2,0,1,SN,A,,
2026-02-15T08:53:23,29,29.2,85.3,74,0,1,2,0,1,SN,A,,
2026-02-15T08:58:23,30,29.9,82,72,0,1,1,0,1,SN,A,,
2026-02-15T09:08:23,31,28.5,88,104,0.8,1,2,0,1,SN,A,,
2026-02-15T09:13:23,32,27.4,91.3,94,0,1,2,0,1,SN,A,,
2026-02-15T09:18:23,33,28.2,90.1,84,0,1,2,0,1,SN,A,,
2026-02-15T09:23:23,34,28,90.5,118,3.6,1,2,0,1,SN,A,,
2026-02-15T09:28:23,35,28.1,90.4,115,3,1,2,0,1,SN,A,,
2026-02-15T09:33:23,36,28.3,89.4,120,4,1,2,0,1,SN,A,,
2026-02-15T09:38:23,37,28.3,87.3,129,5.8,1,2,0,1,SN,A,,
2026-02-15T09:43:23,38,28.1,86.8,139,7.8,1,2,0,1,SN,A,,
2026-02-15T09:48:23,39,27.8,90.1,123,4.6,1,2,0,1,SN,A,,
2026-02-15T09:58:23,40,29.4,85.6,144,8.8,1,2,0,1,SN,A,,
2026-02-15T10:03:23,41,31,75.7,155,11,1,1,0,1,SN,A,,
2026-02-15T10:08:23,42,30.5,76.5,148,9.6,1,1,0,1,SN,A,,
2026-02-15T10:13:23,43,30.8,80.7,158,11.6,1,1,0,1,SN,A,,
2026-02-15T10:18:23,44,30.9,76.6,149,9.8,1,1,0,1,SN,A,,
2026-02-15T10:23:23,45,30.7,79.7,153,10.6,1,1,0,1,SN,A,,
2026-02-15T10:28:23,46,31,76.7,139,7.8,1,1,0,1,SN,A,,
2026-02-15T10:33:23,47,31,76.4,133,6.6,1,1,0,1,SN,A,,
2026-02-15T10:38:23,48,30.6,76.5,138,7.6,1,1,0,1,SN,A,,
2026-02-15T10:43:23,49,30.6,75.9,162,12.4,1,1,0,1,SN,A,,
2026-02-15T10:48:23,50,31.1,76.8,127,5.4,1,1,0,1,SN,A,,
2026-02-15T10:53:23,51,31.2,74.4,124,4.8,1,1,0,1,SN,A,,
2026-02-15T10:58:23,52,31.3,71.2,127,5.4,1,1,0,1,SN,A,,
2026-02-15T11:03:23,53,31.1,75.7,130,6,1,1,0,1,SN,A,,
2026-02-15T11:08:23,54,31.3,72.1,121,4.2,1,1,0,1,SN,A,,
2026-02-15T11:13:23,55,31.3,72.5,129,5.8,1,1,0,1,SN,A,,
2026-02-15T11:18:23,56,31.5,70.6,128,5.6,1,1,0,1,SN,A,,
2026-02-15T11:23:23,57,31.9,69.7,130,6,1,0,0,0,N,A,,
2026-02-15T11:28:23,58,31.9,71.2,144,8.8,1,1,0,1,SN,A,,
2026-02-15T11:33:23,59,32.2,71.4,113,2.6,1,1,0,1,SN,A,,
2026-02-15T11:38:23,60,31.8,69.7,102,0.4,1,0,0,0,N,A,,
2026-02-15T11:43:23,61,31.3,71.1,141,8.2,1,1,0,1,SN,A,,
2026-02-15T11:48:23,62,30.9,71.4,131,6.2,1,1,0,1,SN,A,,
2026-02-15T11:53:23,63,30.3,74.2,105,1,1,1,0,1,SN,A,,
2026-02-15T11:58:23,64,34.4,62.4,111,2.2,2,0,0,1,SN,A,,
2026-02-15T12:03:23,65,33.8,61.9,106,1.2,2,0,0,1,SN,A,,
2026-02-15T12:08:23,66,33.4,65.2,105,1,2,0,0,1,SN,A,,
2026-02-15T12:13:23,67,33.5,63.7,106,1.2,2,0,0,1,SN,A,,
2026-02-15T12:18:23,68,34.3,62.1,105,1,2,0,0,1,SN,A,,
2026-02-15T12:23:23,69,33.3,64,104,0.8,2,0,0,1,SN,A,,
2026-02-15T12:28:23,70,33,64.5,105,1,2,0,0,1,SN,A,,
2026-02-15T12:33:23,71,32.1,66.4,105,1,1,0,0,0,N,A,,
2026-02-15T12:38:23,72,31.4,69.8,101,0.2,1,0,0,0,N,A,,
2026-02-15T12:43:23,73,31.8,68.7,102,0.4,1,0,0,0,N,A,,
2026-02-15T12:48:23,74,31.1,69.9,113,2.6,1,0,0,0,N,A,,
2026-02-15T12:53:23,75,31,69.1,102,0.4,1,0,0,0,N,A,,
2026-02-15T12:58:23,76,31.2,70.4,101,0.2,1,1,0,1,SN,A,,
2026-02-15T13:03:23,77,31.3,69.9,104,0.8,1,0,0,0,N,A,,
2026-02-15T13:08:23,78,31.6,68.8,105,1,1,0,0,0,N,A,,
2026-02-15T13:13:23,79,31.4,70.7,103,0.6,1,1,0,1,SN,A,,
2026-02-15T13:18:23,80,32.4,69.7,103,0.6,1,0,0,0,N,A,,
2026-02-15T13:23:23,81,32.4,68.5,106,1.2,1,0,0,0,N,A,,
2026-02-15T13:28:23,82,31.6,72.4,85,0,1,1,0,1,SN,A,,
2026-02-15T13:33:23,83,30.4,73.9,84,0,1,1,0,1,SN,A,,
2026-02-15T13:38:23,84,30,77,80,0,1,1,0,1,SN,A,,
2026-02-15T13:43:23,85,29.7,76.2,79,0,1,1,0,1,SN,A,,
2026-02-15T13:48:23,86,30.3,75.3,81,0,1,1,0,1,SN,A,,
2026-02-15T13:53:23,87,30.1,75.1,79,0,1,1,0,1,SN,A,,
2026-02-15T13:58:23,88,30.2,73.7,79,0,1,1,0,1,SN,A,,
2026-02-15T14:03:23,89,30.6,74.4,81,0,1,1,0,1,SN,A,,
2026-02-15T14:08:23,90,31.5,72.1,81,0,1,1,0,1,SN,A,,
2026-02-15T14:13:23,91,31.6,70.5,80,0,1,1,0,1,SN,A,,
2026-02-15T14:18:23,92,32.1,69.6,80,0,1,0,0,0,N,A,,
2026-02-15T14:23:23,93,32.6,69.1,79,0,1,0,0,0,N,A,,
2026-02-15T14:28:23,94,32.8,66.1,80,0,1,0,0,0,N,A,,
2026-02-15T14:33:23,95,32.6,65.3,82,0,1,0,0,0,N,A,,
2026-02-15T14:38:23,96,32.3,65.1,85,0,1,0,0,0,N,A,,
2026-02-15T14:43:23,97,31.9,68.4,86,0,1,0,0,0,N,A,,
2026-02-15T14:48:23,98,31.9,66.7,84,0,1,0,0,0,N,A,,
2026-02-15T14:53:23,99,31.6,67.6,84,0,1,0,0,0,N,A,,
2026-02-15T14:58:23,100,31.9,68.3,87,0,1,0,0,0,N,A,,
2026-02-15T15:08:23,101,32.2,66.6,177,15.4,1,0,0,0,N,A,,
2026-02-15T15:13:23,102,31.2,69.1,177,15.4,1,0,0,0,N,A,,
2026-02-15T15:18:23,103,30.7,71.6,179,15.8,1,1,0,1,SN,A,,
2026-02-15T15:23:23,104,30.7,72.8,160,12,1,1,0,1,SN,A,,
2026-02-15T15:28:23,105,30.8,72.9,161,12.2,1,1,0,1,SN,A,,
2026-02-15T15:33:23,106,32.5,67.5,158,11.6,1,0,0,0,N,A,,
2026-02-15T15:38:23,107,32.3,66,140,8,1,0,0,0,N,A,,
2026-02-15T15:43:23,108,30.2,72,138,7.6,1,1,0,1,SN,A,,
2026-02-15T15:48:23,109,30.4,71.7,135,7,1,1,0,1,SN,A,,
2026-02-15T15:53:23,110,31.2,70.7,146,9.2,1,1,0,1,SN,A,,
2026-02-15T15:58:23,111,31.8,66.8,143,8.6,1,0,0,0,N,A,,
2026-02-15T16:03:23,112,30.7,71.9,142,8.4,1,1,0,1,SN,A,,
2026-02-15T16:08:23,113,32.3,70,143,8.6,1,0,0,0,N,A,,
2026-02-15T16:13:23,114,32.7,66.3,198,19.6,1,0,0,0,N,A,,
2026-02-15T16:18:23,115,33,65.2,152,10.4,2,0,0,1,SN,A,,
2026-02-15T16:23:23,116,32.4,67.1,155,11,1,0,0,0,N,A,,
2026-02-15T16:28:23,117,31.5,68.7,250,30,1,0,1,1,SN,A,,
2026-02-15T16:33:23,118,30.6,69,248,29.6,1,0,1,1,SN,A,,
2026-02-15T16:38:23,119,29.9,71.6,260,32,1,1,1,1,SN,A,,
2026-02-15T16:43:23,120,30.2,73.2,260,32,1,1,1,1,SN,A,,
2026-02-15T16:48:23,121,29.9,74.1,256,31.2,1,1,1,1,SN,A,,
2026-02-15T16:53:23,122,29.7,74.7,255,31,1,1,1,1,SN,A,,
2026-02-15T16:58:23,123,30.2,75,248,29.6,1,1,1,1,SN,A,,
2026-02-15T17:03:23,124,30.3,74.2,258,31.6,1,1,1,1,SN,A,,
2026-02-15T17:08:23,125,29.5,76.3,247,29.4,1,1,1,1,SN,A,,
2026-02-15T17:13:23,126,29.9,76.5,178,15.6,1,1,0,1,SN,A,,
2026-02-15T17:18:23,127,30.7,72.9,169,13.8,1,1,0,1,SN,A,,
2026-02-15T17:23:23,128,30.8,73.2,166,13.2,1,1,0,1,SN,A,,
2026-02-15T17:28:23,129,30.1,74,162,12.4,1,1,0,1,SN,A,,
2026-02-15T17:33:23,130,30.7,73.7,149,9.8,1,1,0,1,SN,A,,
2026-02-15T17:38:23,131,30.2,74.9,147,9.4,1,1,0,1,SN,A,,
2026-02-15T17:43:23,132,29.6,76.3,148,9.6,1,1,0,1,SN,A,,
2026-02-15T17:48:23,133,29.8,76.3,155,11,1,1,0,1,SN,A,,
2026-02-15T17:53:23,134,29.2,76.6,154,10.8,1,1,0,1,SN,A,,
2026-02-15T17:58:23,135,28.8,79.5,161,12.2,1,1,0,1,SN,A,,
2026-02-15T18:03:23,136,28.7,80.4,122,4.4,1,1,0,1,SN,A,,
2026-02-15T18:08:23,137,27.7,84.3,151,10.2,1,1,0,1,SN,A,,
2026-02-15T18:13:23,138,27.7,84.4,154,10.8,1,1,0,1,SN,A,,
2026-02-15T18:18:23,139,29,80.5,145,9,1,1,0,1,SN,A,,
2026-02-15T18:23:23,140,30,75.9,149,9.8,1,1,0,1,SN,A,,
2026-02-15T18:28:23,141,28.7,78.9,147,9.4,1,1,0,1,SN,A,,
2026-02-15T18:33:23,142,28,82.8,142,8.4,1,1,0,1,SN,A,,
2026-02-15T18:38:23,143,27.9,83.4,143,8.6,1,1,0,1,SN,A,,
2026-02-15T05:59:52,0,25.7,94.8,134,6.8,0,2,0,1,SN,B,14.320739,120.984581
2026-02-15T06:04:51,1,25.7,94.3,119,3.8,0,2,0,1,SN,B,14.320739,120.984581
2026-02-15T06:09:51,2,25.8,94,123,4.6,0,2,0,1,SN,B,14.320739,120.984581
2026-02-15T06:14:51,3,25.8,94,130,6,0,2,0,1,SN,B,14.320739,120.984581
2026-02-15T06:19:51,4,25.9,93.7,125,5,0,2,0,1,SN,B,14.320739,120.984581
2026-02-15T06:24:51,5,25.9,92.8,126,5.2,0,2,0,1,SN,B,14.320739,120.984581
2026-02-15T06:29:51,6,28,86,136,7.2,1,2,0,1,SN,B,14.320739,120.984581
2026-02-15T06:34:51,7,28,86,142,8.4,1,2,0,1,SN,B,14.320739,120.984581
2026-02-15T06:39:51,8,27.4,87.9,143,8.6,1,2,0,1,SN,B,14.320739,120.984581
2026-02-15T06:44:51,9,27.5,88.2,149,9.8,1,2,0,1,SN,B,14.320739,120.984581
2026-02-15T06:49:51,10,27.9,86.9,151,10.2,1,2,0,1,SN,B,14.320739,120.984581
2026-02-15T06:54:51,11,27.9,86.7,156,11.2,1,2,0,1,SN,B,14.320739,120.984581
2026-02-15T06:59:51,12,28.2,86.3,161,12.2,1,2,0,1,SN,B,14.320739,120.984581
2026-02-15T07:04:51,13,28.1,86.2,176,15.2,1,2,0,1,SN,B,14.320739,120.984581
2026-02-15T07:09:51,14,28,86.6,153,10.6,1,2,0,1,SN,B,14.320739,120.984581
2026-02-15T07:14:51,15,29.1,83.5,153,10.6,1,1,0,1,SN,B,14.320739,120.984581
2026-02-15T07:19:51,16,29.2,83.5,161,12.2,1,1,0,1,SN,B,14.320739,120.984581
2026-02-15T07:24:51,17,30.3,78.9,165,13,1,1,0,1,SN,B,14.320739,120.984581
2026-02-15T07:29:51,18,28.8,83.3,146,9.2,1,1,0,1,SN,B,14.320739,120.984581
2026-02-15T07:34:51,19,27.3,88.6,100,0,1,2,0,1,SN,B,14.320739,120.984581
2026-02-15T07:39:51,20,28.7,84,93,0,1,1,0,1,SN,B,14.320739,120.984581
2026-02-15T07:44:51,21,28.5,84.6,94,0,1,1,0,1,SN,B,14.320739,120.984581
2026-02-15T07:49:51,22,27.6,88.7,107,1.4,1,2,0,1,SN,B,14.320739,120.984581
2026-02-15T07:54:51,23,27.2,89,98,0,1,2,0,1,SN,B,14.320739,120.984581
2026-02-15T07:59:51,24,27.4,89,99,0,1,2,0,1,SN,B,14.320739,120.984581
2026-02-15T08:04:51,25,27.5,88.9,100,0,1,2,0,1,SN,B,14.320739,120.984581
2026-02-15T08:09:51,26,27.2,89.4,96,0,1,2,0,1,SN,B,14.320739,120.984581
2026-02-15T08:14:51,27,27.2,90.6,130,6,1,2,0,1,SN,B,14.320739,120.984581
2026-02-15T08:19:51,28,27.8,88.2,92,0,1,2,0,1,SN,B,14.320739,120.984581
2026-02-15T08:24:51,29,28,87.4,87,0,1,2,0,1,SN,B,14.320739,120.984581
2026-02-15T08:29:51,30,28.6,86.5,95,0,1,2,0,1,SN,B,14.320739,120.984581
2026-02-15T08:34:51,31,28.8,86.6,138,7.6,1,2,0,1,SN,B,14.320739,120.984581
2026-02-15T08:39:51,32,29.5,82,135,7,1,1,0,1,SN,B,14.320739,120.984581
2026-02-15T08:44:51,33,30.2,80.5,95,0,1,1,0,1,SN,B,14.320739,120.984581
2026-02-15T08:49:51,34,31.5,76,95,0,1,1,0,1,SN,B,14.320739,120.984581
2026-02-15T08:54:51,35,32.6,73.1,94,0,1,1,0,1,SN,B,14.320739,120.984581
2026-02-15T08:59:51,36,33.6,69.5,90,0,2,0,0,1,SN,B,14.320739,120.984581
2026-02-15T09:04:51,37,35.9,64.8,104,0.8,2,0,0,1,SN,B,14.320739,120.984581
2026-02-15T09:09:51,38,33.1,70.2,134,6.8,2,1,0,1,SN,B,14.320739,120.984581
2026-02-15T09:14:51,39,30.6,77,140,8,1,1,0,1,SN,B,14.320739,120.984581
2026-02-15T09:19:51,40,29.2,81.2,141,8.2,1,1,0,1,SN,B,14.320739,120.984581
2026-02-15T09:24:51,41,29,83.2,140,8,1,1,0,1,SN,B,14.320739,120.984581
2026-02-15T09:29:51,42,28.7,82.9,137,7.4,1,1,0,1,SN,B,14.320739,120.984581
2026-02-15T09:34:51,43,28.3,84.4,138,7.6,1,1,0,1,SN,B,14.320739,120.984581
2026-02-15T09:39:51,44,28.6,84.2,142,8.4,1,1,0,1,SN,B,14.320739,120.984581
2026-02-15T09:44:51,45,28.8,82.9,143,8.6,1,1,0,1,SN,B,14.320739,120.984581
2026-02-15T09:49:51,46,28.9,81.9,137,7.4,1,1,0,1,SN,B,14.320739,120.984581
2026-02-15T09:54:51,47,28.8,82.6,138,7.6,1,1,0,1,SN,B,14.320739,120.984581
2026-02-15T09:59:51,48,28.6,82.3,138,7.6,1,1,0,1,SN,B,14.320739,120.984581
2026-02-15T10:04:51,49,28.8,81.6,143,8.6,1,1,0,1,SN,B,14.320739,120.984581
2026-02-15T10:09:51,50,29,81.4,142,8.4,1,1,0,1,SN,B,14.320739,120.984581
2026-02-15T10:14:50,51,29.2,81.4,141,8.2,1,1,0,1,SN,B,14.320739,120.984581
2026-02-15T10:19:50,52,29,81.1,147,9.4,1,1,0,1,SN,B,14.320739,120.984581
2026-02-15T10:24:50,53,29.3,79.7,146,9.2,1,1,0,1,SN,B,14.320739,120.984581
2026-02-15T10:29:50,54,29.8,78.2,145,9,1,1,0,1,SN,B,14.320739,120.984581
2026-02-15T10:34:50,55,29.5,78.8,140,8,1,1,0,1,SN,B,14.320739,120.984581
2026-02-15T10:39:50,56,29.9,78,149,9.8,1,1,0,1,SN,B,14.320739,120.984581
2026-02-15T10:44:50,57,30.2,77.5,128,5.6,1,1,0,1,SN,B,14.320739,120.984581
2026-02-15T10:49:50,58,31.3,73.4,94,0,1,1,0,1,SN,B,14.320739,120.984581
2026-02-15T10:54:50,59,31.3,73.1,102,0.4,1,1,0,1,SN,B,14.320739,120.984581
2026-02-15T10:59:50,60,31.1,74.3,203,20.6,1,1,0,1,SN,B,14.320739,120.984581
2026-02-15T11:04:50,61,32,71.1,152,10.4,1,1,0,1,SN,B,14.320739,120.984581
2026-02-15T11:09:50,62,31.6,71.3,151,10.2,1,1,0,1,SN,B,14.320739,120.984581
2026-02-15T11:14:51,63,32,69.7,141,8.2,1,0,0,0,N,B,14.320739,120.984581
2026-02-15T11:19:50,64,33.2,66.2,173,14.6,2,0,0,1,SN,B,14.320739,120.984581
2026-02-15T11:24:50,65,32.4,68,162,12.4,1,0,0,0,N,B,14.320739,120.984581
2026-02-15T11:29:50,66,32.7,68.4,176,15.2,1,0,0,0,N,B,14.320739,120.984581
2026-02-15T11:34:51,67,31.4,69.9,165,13,1,0,0,0,N,B,14.320739,120.984581
2026-02-15T11:39:50,68,31.7,69.9,163,12.6,1,0,0,0,N,B,14.320739,120.984581
2026-02-15T11:44:50,69,31.8,69.4,155,11,1,0,0,0,N,B,14.320739,120.984581
2026-02-15T11:49:50,70,32.2,69.2,171,14.2,1,0,0,0,N,B,14.320739,120.984581
2026-02-15T11:54:50,71,32.5,70.4,187,17.4,1,1,0,1,SN,B,14.320739,120.984581
2026-02-15T11:59:50,72,32.1,69.5,172,14.4,1,0,0,0,N,B,14.320739,120.984581
2026-02-15T12:04:50,73,31.7,70.1,179,15.8,1,1,0,1,SN,B,14.320739,120.984581
2026-02-15T12:09:50,74,31.7,70.3,194,18.8,1,1,0,1,SN,B,14.320739,120.984581
2026-02-15T12:14:50,75,31.5,70.8,157,11.4,1,1,0,1,SN,B,14.320739,120.984581
2026-02-15T12:19:50,76,31.6,71.4,178,15.6,1,1,0,1,SN,B,14.320739,120.984581
2026-02-15T12:24:50,77,32.1,69.5,161,12.2,1,0,0,0,N,B,14.320739,120.984581
2026-02-15T12:29:50,78,31.9,69.9,192,18.4,1,0,0,0,N,B,14.320739,120.984581
2026-02-15T12:34:50,79,31.7,70.5,165,13,1,1,0,1,SN,B,14.320739,120.984581
2026-02-15T12:39:50,80,32.2,70.5,161,12.2,1,1,0,1,SN,B,14.320739,120.984581
2026-02-15T12:44:50,81,31,71,155,11,1,1,0,1,SN,B,14.320739,120.984581
2026-02-15T12:49:50,82,31.8,70.7,189,17.8,1,1,0,1,SN,B,14.320739,120.984581
2026-02-15T12:54:50,83,30.9,71.3,193,18.6,1,1,0,1,SN,B,14.320739,120.984581
2026-02-15T12:59:50,84,31.3,71.7,199,19.8,1,1,0,1,SN,B,14.320739,120.984581
2026-02-15T13:04:50,85,31.1,74.1,175,15,1,1,0,1,SN,B,14.320739,120.984581
2026-02-15T13:09:50,86,30.8,76.8,188,17.6,1,1,0,1,SN,B,14.320739,120.984581
2026-02-15T13:14:50,87,30.3,76.3,159,11.8,1,1,0,1,SN,B,14.320739,120.984581
2026-02-15T13:19:50,88,30.6,75.2,168,13.6,1,1,0,1,SN,B,14.320739,120.984581
2026-02-15T13:24:50,89,31.1,74.2,167,13.4,1,1,0,1,SN,B,14.320739,120.984581
2026-02-15T13:29:50,90,31.4,73.9,194,18.8,1,1,0,1,SN,B,14.320739,120.984581
2026-02-15T13:34:50,91,31.6,71.7,171,14.2,1,1,0,1,SN,B,14.320739,120.984581
2026-02-15T13:39:50,92,30.7,73.2,160,12,1,1,0,1,SN,B,14.320739,120.984581
2026-02-15T13:44:50,93,32.3,69.3,163,12.6,1,0,0,0,N,B,14.320739,120.984581
2026-02-15T13:49:50,94,32.9,67,166,13.2,1,0,0,0,N,B,14.320739,120.984581
2026-02-15T13:54:50,95,32.2,69.3,181,16.2,1,0,0,0,N,B,14.320739,120.984581
2026-02-15T13:59:50,96,31.6,70.2,171,14.2,1,1,0,1,SN,B,14.320739,120.984581
2026-02-15T14:04:50,97,31.9,69.5,166,13.2,1,0,0,0,N,B,14.320739,120.984581
2026-02-15T14:09:50,98,32.5,67.9,136,7.2,1,0,0,0,N,B,14.320739,120.984581
2026-02-15T14:14:50,99,32.1,68,157,11.4,1,0,0,0,N,B,14.320739,120.984581
2026-02-15T14:19:50,100,32.6,67,155,11,1,0,0,0,N,B,14.320739,120.984581
2026-02-15T14:24:50,101,33.1,65.9,157,11.4,2,0,0,1,SN,B,14.320739,120.984581
2026-02-15T14:29:50,102,32.9,64.6,143,8.6,1,0,0,0,N,B,14.320739,120.984581
2026-02-15T14:34:50,103,36,60.1,216,23.2,2,0,0,1,SN,B,14.320739,120.984581
2026-02-15T14:39:50,104,34.3,62.7,155,11,2,0,0,1,SN,B,14.320739,120.984581
2026-02-15T14:44:50,105,32.8,66.7,136,7.2,1,0,0,0,N,B,14.320739,120.984581
2026-02-15T14:49:50,106,32.9,65.8,154,10.8,1,0,0,0,N,B,14.320739,120.984581
2026-02-15T14:54:50,107,32.9,66.2,176,15.2,1,0,0,0,N,B,14.320739,120.984581
2026-02-15T14:59:50,108,32.4,67.7,195,19,1,0,0,0,N,B,14.320739,120.984581
2026-02-15T15:04:50,109,32.6,67.2,206,21.2,1,0,0,0,N,B,14.320739,120.984581
2026-02-15T15:09:50,110,33.2,65.9,153,10.6,2,0,0,1,SN,B,14.320739,120.984581
2026-02-15T15:14:50,111,33.5,65.3,175,15,2,0,0,1,SN,B,14.320739,120.984581
2026-02-15T15:19:50,112,32.4,68.2,165,13,1,0,0,0,N,B,14.320739,120.984581
2026-02-15T15:24:50,113,31.9,69.2,157,11.4,1,0,0,0,N,B,14.320739,120.984581
2026-02-15T15:29:50,114,32.5,67.8,177,15.4,1,0,0,0,N,B,14.320739,120.984581
2026-02-15T15:34:50,115,32.7,67.2,224,24.8,1,0,0,0,N,B,14.320739,120.984581
2026-02-15T15:39:50,116,32.8,66.2,188,17.6,1,0,0,0,N,B,14.320739,120.984581
2026-02-15T15:44:50,117,32.4,66,168,13.6,1,0,0,0,N,B,14.320739,120.984581
2026-02-15T15:49:50,118,32.9,66,178,15.6,1,0,0,0,N,B,14.320739,120.984581
2026-02-15T15:54:50,119,32.4,65.7,166,13.2,1,0,0,0,N,B,14.320739,120.984581
2026-02-15T15:59:50,120,32,66.8,193,18.6,1,0,0,0,N,B,14.320739,120.984581
2026-02-15T16:04:50,121,32.2,66,196,19.2,1,0,0,0,N,B,14.320739,120.984581
2026-02-15T16:09:50,122,31.6,66.9,190,18,1,0,0,0,N,B,14.320739,120.984581
2026-02-15T16:14:50,123,32.1,66.6,135,7,1,0,0,0,N,B,14.320739,120.984581
2026-02-15T16:19:50,124,32.3,66.2,106,1.2,1,0,0,0,N,B,14.320739,120.984581
2026-02-15T16:24:50,125,32.4,65.6,110,2,1,0,0,0,N,B,14.320739,120.984581
2026-02-15T16:29:50,126,32.1,66.8,98,0,1,0,0,0,N,B,14.320739,120.984581
2026-02-15T16:34:50,127,31.7,68,137,7.4,1,0,0,0,N,B,14.320739,120.984581
2026-02-15T16:39:50,128,32.1,68,139,7.8,1,0,0,0,N,B,14.320739,120.984581
2026-02-15T16:44:50,129,31.4,69,131,6.2,1,0,0,0,N,B,14.320739,120.984581
2026-02-15T16:49:50,130,30.8,70.9,177,15.4,1,1,0,1,SN,B,14.320739,120.984581
2026-02-15T16:54:50,131,30.9,71.5,186,17.2,1,1,0,1,SN,B,14.320739,120.984581
2026-02-15T16:59:50,132,30.9,71.3,229,25.8,1,1,1,1,SN,B,14.320739,120.984581
2026-02-15T17:04:50,133,30.2,73.3,223,24.6,1,1,0,1,SN,B,14.320739,120.984581
2026-02-15T17:09:50,134,30.2,73.8,247,29.4,1,1,1,1,SN,B,14.320739,120.984581
2026-02-15T17:14:50,135,30.5,73.8,284,36.8,1,1,2,1,SN,B,14.320739,120.984581
2026-02-15T17:40:46,136,29.6,76.3,186,17.2,1,1,0,1,SN,B,14.320739,120.984581
2026-02-15T17:43:36,137,29.8,76.3,211,22.2,1,1,0,1,SN,B,14.320739,120.984581
2026-02-15T17:48:35,138,29.6,77.1,213,22.6,1,1,0,1,SN,B,14.320739,120.984581
2026-02-15T17:53:35,139,28.9,79.4,184,16.8,1,1,0,1,SN,B,14.320739,120.984581
2026-02-15T17:58:35,140,28.9,79.4,197,19.4,1,1,0,1,SN,B,14.320739,120.984581
2026-02-15T18:03:35,141,29.2,78.8,217,23.4,1,1,0,1,SN,B,14.320739,120.984581
2026-02-15T18:08:35,142,29.2,78.3,214,22.8,1,1,0,1,SN,B,14.320739,120.984581
2026-02-15T18:13:35,143,25.5,92.5,130,6,0,2,0,1,SN,B,14.320739,120.984581
2026-02-14T20:48:23,0,27.3,81.6,187,17.4,1,1,0,1,SN,C,,
2026-02-15T06:45:36,1,28.8,77.5,208,21.6,1,1,0,1,SN,C,,
2026-02-15T06:50:53,2,28.6,78.2,174,14.8,1,1,0,1,SN,C,,
2026-02-15T06:58:53,3,28.7,78.4,161,12.2,1,1,0,1,SN,C,,
2026-02-15T07:05:50,4,29.2,76.5,141,8.2,1,1,0,1,SN,C,,
2026-02-15T07:05:51,5,29.3,76.3,143,8.6,1,1,0,1,SN,C,,
2026-02-15T07:13:53,6,29.4,76.1,135,7,1,1,0,1,SN,C,,
2026-02-15T07:28:07,7,29.3,76.4,142,8.4,1,1,0,1,SN,C,,
2026-02-15T07:28:07,8,29,77.4,153,10.6,1,1,0,1,SN,C,,
2026-02-15T07:28:07,9,29,77.1,146,9.2,1,1,0,1,SN,C,,
2026-02-15T07:30:36,10,28,81.5,136,7.2,1,1,0,1,SN,C,,
2026-02-15T07:39:46,11,27.6,82.6,129,5.8,1,1,0,1,SN,C,,
2026-02-15T07:45:21,12,27.7,83.3,134,6.8,1,1,0,1,SN,C,,
2026-02-15T07:45:36,13,28.8,79.7,137,7.4,1,1,0,1,SN,C,,
2026-02-15T07:54:20,14,28.8,79.2,133,6.6,1,1,0,1,SN,C,,
2026-02-15T08:32:50,15,27.8,83,136,7.2,1,1,0,1,SN,C,,
2026-02-15T08:32:51,16,27.7,83.9,132,6.4,1,1,0,1,SN,C,,
2026-02-15T08:32:51,17,27.2,84.4,129,5.8,1,1,0,1,SN,C,,
2026-02-15T08:32:51,18,27.1,85.9,128,5.6,1,2,0,1,SN,C,,
2026-02-15T08:32:51,19,27.3,85.5,128,5.6,1,2,0,1,SN,C,,
2026-02-15T08:32:51,20,27.4,85.2,128,5.6,1,2,0,1,SN,C,,
2026-02-15T08:32:52,21,27.3,85.4,128,5.6,1,2,0,1,SN,C,,
2026-02-15T08:32:52,22,27.4,85.6,129,5.8,1,2,0,1,SN,C,,
2026-02-15T08:35:36,23,27,87,138,7.6,1,2,0,1,SN,C,,
2026-02-15T08:40:36,24,27.5,86.2,115,3,1,2,0,1,SN,C,,
2026-02-15T08:48:03,25,27.9,85,122,4.4,1,1,0,1,SN,C,,
2026-02-15T08:50:36,26,27.1,86.5,153,10.6,1,2,0,1,SN,C,,
2026-02-15T08:55:36,27,27.3,86.9,117,3.4,1,2,0,1,SN,C,,
2026-02-15T09:04:36,28,28.1,83.7,114,2.8,1,1,0,1,SN,C,,
2026-02-15T09:14:36,29,29.2,79.8,112,2.4,1,1,0,1,SN,C,,
2026-02-15T09:14:36,30,28.7,79.6,110,2,1,1,0,1,SN,C,,
2026-02-15T09:15:36,31,28.6,80.8,176,15.2,1,1,0,1,SN,C,,
2026-02-15T09:22:14,32,28.8,80.3,189,17.8,1,1,0,1,SN,C,,
2026-02-15T09:25:36,33,28.5,80.2,173,14.6,1,1,0,1,SN,C,,
2026-02-15T09:31:07,34,28.6,80.9,176,15.2,1,1,0,1,SN,C,,
2026-02-15T09:42:53,35,28.8,79.7,184,16.8,1,1,0,1,SN,C,,
2026-02-15T09:42:53,36,29.4,77.7,182,16.4,1,1,0,1,SN,C,,
2026-02-15T09:54:44,37,29.4,77.7,182,16.4,1,1,0,1,SN,C,,
2026-02-15T09:54:44,38,29.7,76.1,185,17,1,1,0,1,SN,C,,
2026-02-15T09:55:36,39,29.2,78.1,194,18.8,1,1,0,1,SN,C,,
2026-02-15T10:08:08,40,28.3,80.6,221,24.2,1,1,0,1,SN,C,,
2026-02-15T10:08:08,41,28.3,81,232,26.4,1,1,1,1,SN,C,,
2026-02-15T10:22:13,42,28.2,80.4,232,26.4,1,1,1,1,SN,C,,
2026-02-15T10:22:13,43,28,79.6,253,30.6,1,1,1,1,SN,C,,
2026-02-15T10:22:13,44,28.5,78.5,201,20.2,1,1,0,1,SN,C,,
2026-02-15T10:25:36,45,29.1,76.7,177,15.4,1,1,0,1,SN,C,,
2026-02-15T10:30:36,46,29.1,77,182,16.4,1,1,0,1,SN,C,,
2026-02-15T10:38:34,47,29.4,75.5,175,15,1,1,0,1,SN,C,,
2026-02-15T10:40:36,48,29.2,76.5,176,15.2,1,1,0,1,SN,C,,
2026-02-15T10:45:36,49,29.3,75.1,176,15.2,1,1,0,1,SN,C,,
2026-02-15T10:52:11,50,29.6,74.6,174,14.8,1,1,0,1,SN,C,,
2026-02-15T10:55:36,51,30,73.1,181,16.2,1,1,0,1,SN,C,,
2026-02-15T11:00:36,52,29.9,72.2,179,15.8,1,1,0,1,SN,C,,
2026-02-15T11:11:03,53,30.2,71.8,185,17,1,1,0,1,SN,C,,
2026-02-15T11:11:03,54,29.7,72.4,206,21.2,1,1,0,1,SN,C,,
2026-02-15T11:23:30,55,29.9,71.9,197,19.4,1,1,0,1,SN,C,,
2026-02-15T11:23:30,56,30.1,71.8,199,19.8,1,1,0,1,SN,C,,
2026-02-15T11:28:13,57,30.3,71.6,208,21.6,1,1,0,1,SN,C,,
2026-02-15T11:30:36,58,30.5,70.7,209,21.8,1,1,0,1,SN,C,,
2026-02-15T11:38:34,59,30.6,69.2,201,20.2,1,0,0,0,N,C,,
2026-02-15T12:01:38,60,30.5,69.8,187,17.4,1,0,0,0,N,C,,
2026-02-15T12:01:38,61,30.8,67.7,184,16.8,1,0,0,0,N,C,,
2026-02-15T12:01:39,62,30,69.9,193,18.6,1,0,0,0,N,C,,
2026-02-15T12:01:39,63,30.3,68.9,202,20.4,1,0,0,0,N,C,,
2026-02-15T12:01:39,64,30.6,69.2,248,29.6,1,0,1,1,SN,C,,
2026-02-15T12:05:36,65,30.7,69.4,192,18.4,1,0,0,0,N,C,,
2026-02-15T12:15:44,66,31.3,66.5,193,18.6,1,0,0,0,N,C,,
2026-02-15T12:15:44,67,30.8,68.3,186,17.2,1,0,0,0,N,C,,
2026-02-15T12:22:04,68,30.4,69,188,17.6,1,0,0,0,N,C,,
2026-02-15T12:25:36,69,30.5,68.3,229,25.8,1,0,1,1,SN,C,,
2026-02-15T12:30:36,70,30.4,68.8,274,34.8,1,0,1,1,SN,C,,
2026-02-15T12:35:36,71,30.4,68.4,306,41.2,1,0,2,1,SN,C,,
2026-02-15T12:44:30,72,30,69.9,258,31.6,1,0,1,1,SN,C,,
2026-02-15T13:05:38,73,29.8,70.8,211,22.2,1,1,0,1,SN,C,,
2026-02-15T13:05:38,74,29.6,70.9,212,22.4,1,1,0,1,SN,C,,
2026-02-15T13:05:38,75,29.6,71.8,213,22.6,1,1,0,1,SN,C,,
2026-02-15T13:05:39,76,29.4,72.8,220,24,1,1,0,1,SN,C,,
2026-02-15T13:05:39,77,30.4,70.3,214,22.8,1,1,0,1,SN,C,,
2026-02-15T13:11:50,78,30.2,71.4,290,38,1,1,2,1,SN,C,,
2026-02-15T13:15:36,79,29.6,73.3,303,40.6,1,1,2,1,SN,C,,
2026-02-15T13:29:53,80,29,76.1,308,41.6,1,1,2,1,SN,C,,
2026-02-15T13:29:53,81,29.4,75.2,304,40.8,1,1,2,1,SN,C,,
2026-02-15T13:30:36,82,29.6,73.8,292,38.4,1,1,2,1,SN,C,,
2026-02-15T13:35:36,83,29.6,73.1,189,17.8,1,1,0,1,SN,C,,
2026-02-15T13:44:51,84,29.9,72.3,249,29.8,1,1,1,1,SN,C,,
2026-02-15T13:48:34,85,29.9,73,264,32.8,1,1,1,1,SN,C,,
2026-02-15T13:50:36,86,29.6,72,219,23.8,1,1,0,1,SN,C,,
2026-02-15T13:56:11,87,31.4,66,280,36,1,0,2,1,SN,C,,
2026-02-15T14:00:36,88,32.4,62.2,275,35,1,0,1,1,SN,C,,
2026-02-15T14:05:36,89,33.4,60.3,260,32,2,0,1,1,SN,C,,
2026-02-15T14:10:36,90,34.1,57.6,198,19.6,2,0,0,1,SN,C,,
2026-02-15T14:18:30,91,35.7,53.9,170,14,2,0,0,1,SN,C,,
2026-02-15T14:28:31,92,36.5,52.3,181,16.2,2,0,0,1,SN,C,,
2026-02-15T14:28:32,93,37.3,50.1,150,10,2,0,0,1,SN,C,,
2026-02-15T14:30:36,94,37.2,50.4,124,4.8,2,0,0,1,SN,C,,
2026-02-15T14:37:46,95,37.9,48.1,186,17.2,2,0,0,1,SN,C,,
2026-02-15T14:40:36,96,37.1,49,181,16.2,2,0,0,1,SN,C,,
2026-02-15T14:45:36,97,37.2,50.1,168,13.6,2,0,0,1,SN,C,,
2026-02-15T14:50:36,98,35.9,52.3,179,15.8,2,0,0,1,SN,C,,
2026-02-15T14:55:36,99,32.8,59.4,253,30.6,1,0,1,1,SN,C,,
2026-02-15T15:00:36,100,34.7,56,282,36.4,2,0,2,1,SN,C,,
2026-02-15T15:05:36,101,33,60.4,258,31.6,2,0,1,1,SN,C,,
2026-02-15T15:15:17,102,33,58.6,261,32.2,2,0,1,1,SN,C,,
2026-02-15T15:17:40,103,33.3,59.4,251,30.2,2,0,1,1,SN,C,,
2026-02-15T15:20:36,104,32.9,60.3,275,35,1,0,1,1,SN,C,,
2026-02-15T15:32:59,105,33,60.6,309,41.8,2,0,2,1,SN,C,,
2026-02-15T15:33:00,106,33.1,60.5,299,39.8,2,0,2,1,SN,C,,
2026-02-15T15:35:36,107,32.9,59.2,283,36.6,1,0,2,1,SN,C,,
2026-02-15T15:40:36,108,32.3,61.8,271,34.2,1,0,1,1,SN,C,,
2026-02-15T15:45:36,109,32.5,61.1,259,31.8,1,0,1,1,SN,C,,
2026-02-15T15:52:36,110,32.8,59.2,252,30.4,1,0,1,1,SN,C,,
2026-02-15T16:06:38,111,33,59.8,184,16.8,2,0,0,1,SN,C,,
2026-02-15T16:11:38,112,33.6,57.6,148,9.6,2,0,0,1,SN,C,,
2026-02-15T16:16:38,113,34,56.7,138,7.6,2,0,0,1,SN,C,,
2026-02-15T16:21:38,14,34.3,56.3,182,16.4,2,0,0,1,SN,C,,
2026-02-15T16:26:43,115,33,59.7,221,24.2,2,0,0,1,SN,C,,
2026-02-15T16:33:24,116,33.9,58.3,185,17,2,0,0,1,SN,C,,
2026-02-15T16:36:38,117,32.2,62,133,6.6,1,0,0,0,N,C,,
2026-02-15T16:42:15,118,31.8,63.6,169,13.8,1,0,0,0,N,C,,
2026-02-15T16:46:38,119,31.4,64.8,186,17.2,1,0,0,0,N,C,,
2026-02-15T16:55:41,120,31.4,65.4,201,20.2,1,0,0,0,N,C,,
2026-02-15T16:56:49,121,31.4,65.8,199,19.8,1,0,0,0,N,C,,
2026-02-15T17:31:30,122,30.5,70.5,192,18.4,1,1,0,1,SN,C,,
2026-02-15T17:36:30,123,30.3,70.7,176,15.2,1,1,0,1,SN,C,,
2026-02-15T17:41:30,124,30.2,71.3,173,14.6,1,1,0,1,SN,C,,
2026-02-15T17:47:14,125,30.1,71.8,192,18.4,1,1,0,1,SN,C,,
2026-02-15T17:51:30,126,30,72,182,16.4,1,1,0,1,SN,C,,
2026-02-15T17:56:30,127,29.7,73,183,16.6,1,1,0,1,SN,C,,
2026-02-15T18:01:30,128,29.9,72.7,189,17.8,1,1,0,1,SN,C,,
2026-02-15T18:06:30,129,30.2,72,279,35.8,1,1,2,1,SN,C,,
2026-02-15T18:11:30,130,30.1,72.7,237,27.4,1,1,1,1,SN,C,,
2026-02-15T18:16:30,131,29.8,73.6,240,28,1,1,1,1,SN,C,,
2026-02-15T18:21:30,132,29.6,73.9,224,24.8,1,1,0,1,SN,C,,
2026-02-15T18:28:22,133,29.2,75,287,37.4,1,1,2,1,SN,C,,
2026-02-15T18:31:30,134,29,75.3,251,30.2,1,1,1,1,SN,C,,
2026-02-15T18:36:30,135,29,75.5,233,26.6,1,1,1,1,SN,C,,
2026-02-15T18:45:27,136,29.1,75,227,25.4,1,1,1,1,SN,C,,
2026-02-15T18:46:30,137,29.1,75,227,25.4,1,1,1,1,SN,C,,
2026-02-15T18:51:30,138,29.1,75.1,225,25,1,1,0,1,SN,C,,
2026-02-15T18:56:30,139,29.1,75.1,221,24.2,1,1,0,1,SN,C,,
2026-02-15T19:03:35,140,28.9,75.9,217,23.4,1,1,0,1,SN,C,,
2026-02-15T19:06:30,141,28.9,75.8,219,23.8,1,1,0,1,SN,C,,
2026-02-15T19:11:30,142,28.8,76.1,215,23,1,1,0,1,SN,C,,
2026-02-15T19:16:30,143,29.3,74.3,245,29,1,1,1,1,SN,C,,
2026-02-16T06:00:07,1,27.8,80.6,174,14.8,1,1,0,1,SN,A,,
2026-02-16T06:10:07,2,25.2,93.1,109,1.8,0,2,0,1,SN,A,,
2026-02-16T06:15:07,3,25.1,93.7,174,14.8,0,2,0,1,SN,A,,
2026-02-16T06:20:07,4,24.8,95.5,168,13.6,0,2,0,1,SN,A,,
2026-02-16T06:25:07,5,24.6,96.9,159,11.8,0,2,0,1,SN,A,,
2026-02-16T06:30:07,6,24.8,95.9,155,11,0,2,0,1,SN,A,,
2026-02-16T06:35:07,7,24.6,96.6,169,13.8,0,2,0,1,SN,A,,
2026-02-16T06:40:07,8,24.6,97.5,153,10.6,0,2,0,1,SN,A,,
2026-02-16T06:45:07,9,24.6,97.8,169,13.8,0,2,0,1,SN,A,,
2026-02-16T06:50:07,10,24.8,97.1,238,27.6,0,2,1,1,SN,A,,
2026-02-16T06:55:07,11,24.9,96.4,244,28.8,0,2,1,1,SN,A,,
2026-02-16T07:00:07,12,25.3,95.1,239,27.8,0,2,1,1,SN,A,,
2026-02-16T07:05:07,13,25.1,96.1,237,27.4,0,2,1,1,SN,A,,
2026-02-16T07:10:07,14,25.1,96,220,24,0,2,0,1,SN,A,,
2026-02-16T07:15:07,15,25.2,96.5,213,22.6,0,2,0,1,SN,A,,
2026-02-16T07:20:07,16,25.4,94.8,213,22.6,0,2,0,1,SN,A,,
2026-02-16T07:25:07,17,25.2,96,207,21.4,0,2,0,1,SN,A,,
2026-02-16T07:30:07,18,25.3,95.7,0,0,0,2,0,1,SN,A,,
2026-02-16T07:35:07,19,26.6,90.4,0,0,0,2,0,1,SN,A,,
2026-02-16T07:40:07,20,27,89,130,6,1,2,0,1,SN,A,,
2026-02-16T07:45:07,21,27.3,88.5,116,3.2,1,2,0,1,SN,A,,
2026-02-16T07:50:07,22,26.8,89.7,103,0.6,0,2,0,1,SN,A,,
2026-02-16T07:55:07,23,26.8,90,94,0,0,2,0,1,SN,A,,
2026-02-16T08:00:07,24,26.9,90,98,0,0,2,0,1,SN,A,,
2026-02-16T08:05:07,25,27,88.8,100,0,1,2,0,1,SN,A,,
2026-02-16T08:10:07,26,27,89.7,115,3,1,2,0,1,SN,A,,
2026-02-16T08:15:07,27,27.1,89.1,118,3.6,1,2,0,1,SN,A,,
2026-02-16T08:20:07,28,27.5,87.4,107,1.4,1,2,0,1,SN,A,,
2026-02-16T08:25:07,29,27.5,86.9,117,3.4,1,2,0,1,SN,A,,
2026-02-16T08:30:07,30,27.5,87.2,116,3.2,1,2,0,1,SN,A,,
2026-02-16T08:35:07,31,27.5,86.6,119,3.8,1,2,0,1,SN,A,,
2026-02-16T08:40:07,32,27.7,85.8,119,3.8,1,2,0,1,SN,A,,
2026-02-16T08:45:07,33,28.2,83.9,123,4.6,1,1,0,1,SN,A,,
2026-02-16T08:50:07,34,27.9,85.1,126,5.2,1,2,0,1,SN,A,,
2026-02-16T08:55:07,35,28,85.2,130,6,1,2,0,1,SN,A,,
2026-02-16T09:00:07,36,28.1,84.9,142,8.4,1,1,0,1,SN,A,,
2026-02-16T09:05:07,37,28.2,85.2,144,8.8,1,2,0,1,SN,A,,
2026-02-16T09:10:07,38,28.6,82.7,130,6,1,1,0,1,SN,A,,
2026-02-16T09:15:07,39,28.3,83.4,148,9.6,1,1,0,1,SN,A,,
2026-02-16T09:20:06,40,29.1,81.9,140,8,1,1,0,1,SN,A,,
2026-02-16T09:25:06,41,29.2,80.3,129,5.8,1,1,0,1,SN,A,,
2026-02-16T09:30:06,42,28.8,80.6,137,7.4,1,1,0,1,SN,A,,
2026-02-16T09:35:07,43,28.7,79.3,159,11.8,1,1,0,1,SN,A,,
2026-02-16T09:40:06,44,29,78.9,158,11.6,1,1,0,1,SN,A,,
2026-02-16T09:45:06,45,29.1,79.6,149,9.8,1,1,0,1,SN,A,,
2026-02-16T09:50:06,46,29.5,78.7,139,7.8,1,1,0,1,SN,A,,
2026-02-16T09:55:06,47,30,76.7,132,6.4,1,1,0,1,SN,A,,
2026-02-16T10:00:06,48,30.2,74.7,142,8.4,1,1,0,1,SN,A,,
2026-02-16T10:05:06,49,30.6,73.6,134,6.8,1,1,0,1,SN,A,,
2026-02-16T10:10:06,50,29.8,75.6,134,6.8,1,1,0,1,SN,A,,
2026-02-16T10:15:06,51,29.8,75,129,5.8,1,1,0,1,SN,A,,
2026-02-16T10:20:06,52,29.9,74.8,151,10.2,1,1,0,1,SN,A,,
2026-02-16T10:25:06,53,30.5,74.2,141,8.2,1,1,0,1,SN,A,,
2026-02-16T10:30:06,54,30.5,74.1,168,13.6,1,1,0,1,SN,A,,
2026-02-16T10:35:06,55,30.5,74.5,137,7.4,1,1,0,1,SN,A,,
2026-02-16T10:40:06,56,30.9,72.9,132,6.4,1,1,0,1,SN,A,,
2026-02-16T10:45:06,57,30.7,72.4,141,8.2,1,1,0,1,SN,A,,
2026-02-16T10:50:06,58,30.7,72.4,138,7.6,1,1,0,1,SN,A,,
2026-02-16T10:55:06,59,31,72.3,139,7.8,1,1,0,1,SN,A,,
2026-02-16T11:00:06,60,31.4,70.1,135,7,1,1,0,1,SN,A,,
2026-02-16T11:05:06,61,31.1,69.3,136,7.2,1,0,0,0,N,A,,
2026-02-16T11:10:06,62,31.4,70.3,135,7,1,1,0,1,SN,A,,
2026-02-16T11:15:06,63,31.2,68.8,171,14.2,1,0,0,0,N,A,,
2026-02-16T11:41:22,64,31,69.7,163,12.6,1,0,0,0,N,A,,
2026-02-16T11:41:22,65,30.9,70.9,167,13.4,1,1,0,1,SN,A,,
2026-02-16T11:41:22,66,30.5,71.1,184,16.8,1,1,0,1,SN,A,,
2026-02-16T11:41:23,67,30.6,73,172,14.4,1,1,0,1,SN,A,,
2026-02-16T11:41:23,68,30.8,73.3,163,12.6,1,1,0,1,SN,A,,
2026-02-16T11:45:06,69,30.8,72.6,125,5,1,1,0,1,SN,A,,
2026-02-16T11:50:06,70,31.7,69,122,4.4,1,0,0,0,N,A,,
2026-02-16T11:55:06,71,32.2,65.9,119,3.8,1,0,0,0,N,A,,
2026-02-16T12:00:06,72,31.3,67,118,3.6,1,0,0,0,N,A,,
2026-02-16T12:05:06,73,32,66.7,115,3,1,0,0,0,N,A,,
2026-02-16T12:10:06,74,32.4,64.9,119,3.8,1,0,0,0,N,A,,
2026-02-16T12:15:06,75,32.7,65.7,121,4.2,1,0,0,0,N,A,,
2026-02-16T12:20:06,76,32.7,67.2,183,16.6,1,0,0,0,N,A,,
2026-02-16T12:25:06,77,33.6,61.6,185,17,2,0,0,1,SN,A,,
2026-02-16T12:30:06,78,33.2,61.2,199,19.8,2,0,0,1,SN,A,,
2026-02-16T12:35:06,79,33.6,59.5,200,20,2,0,0,1,SN,A,,
2026-02-16T12:40:06,80,35.2,56.6,226,25.2,2,0,1,1,SN,A,,
2026-02-16T12:45:06,81,35.7,55.5,180,16,2,0,0,1,SN,A,,
2026-02-16T12:50:06,82,34.5,58.1,174,14.8,2,0,0,1,SN,A,,
2026-02-16T12:55:06,83,33.7,60,177,15.4,2,0,0,1,SN,A,,
2026-02-16T13:00:06,84,34.1,59.2,181,16.2,2,0,0,1,SN,A,,
2026-02-16T13:05:06,85,34.2,59.6,170,14,2,0,0,1,SN,A,,
2026-02-16T13:10:06,86,34.8,57,206,21.2,2,0,0,1,SN,A,,
2026-02-16T13:15:06,87,35.7,56.2,206,21.2,2,0,0,1,SN,A,,
2026-02-16T13:20:06,88,35.7,55,275,35,2,0,1,1,SN,A,,
2026-02-16T13:25:06,89,35.1,57.7,264,32.8,2,0,1,1,SN,A,,
2026-02-16T13:30:06,90,35.1,59.5,280,36,2,0,2,1,SN,A,,
2026-02-16T13:35:06,91,35.6,57.5,289,37.8,2,0,2,1,SN,A,,
2026-02-16T13:40:06,92,35.5,57.7,273,34.6,2,0,1,1,SN,A,,
2026-02-16T13:45:06,93,35.4,57.8,267,33.4,2,0,1,1,SN,A,,
2026-02-16T13:50:06,94,34.8,57.5,277,35.4,2,0,2,1,SN,A,,
2026-02-16T13:55:06,95,34.9,59.3,256,31.2,2,0,1,1,SN,A,,
2026-02-16T14:00:06,96,34.6,58.2,251,30.2,2,0,1,1,SN,A,,
2026-02-16T14:05:06,97,34.5,58.4,241,28.2,2,0,1,1,SN,A,,
2026-02-16T14:10:06,98,34.4,57,235,27,2,0,1,1,SN,A,,
2026-02-16T14:15:06,99,34.3,57.9,233,26.6,2,0,1,1,SN,A,,
2026-02-16T14:20:06,100,34.1,58.2,243,28.6,2,0,1,1,SN,A,,
2026-02-16T14:25:06,101,33.8,58.5,242,28.4,2,0,1,1,SN,A,,
2026-02-16T14:30:06,102,33.9,58.7,236,27.2,2,0,1,1,SN,A,,
2026-02-16T14:35:06,103,33.5,60,234,26.8,2,0,1,1,SN,A,,
2026-02-16T14:40:06,104,33.5,59.7,243,28.6,2,0,1,1,SN,A,,
2026-02-16T14:45:06,105,33.6,60.3,244,28.8,2,0,1,1,SN,A,,
2026-02-16T14:50:06,106,33.4,61.6,252,30.4,2,0,1,1,SN,A,,
2026-02-16T14:55:06,107,33.6,62.4,219,23.8,2,0,0,1,SN,A,,
2026-02-16T15:00:06,108,33.7,61.3,239,27.8,2,0,1,1,SN,A,,
2026-02-16T15:05:06,109,33.6,59.6,227,25.4,2,0,1,1,SN,A,,
2026-02-16T15:10:06,110,34.4,58.7,239,27.8,2,0,1,1,SN,A,,
2026-02-16T15:15:05,111,34,58.2,226,25.2,2,0,1,1,SN,A,,
2026-02-16T15:20:05,112,34.2,59.8,258,31.6,2,0,1,1,SN,A,,
2026-02-16T15:25:05,113,34.2,58.6,248,29.6,2,0,1,1,SN,A,,
2026-02-16T15:30:05,114,33.9,59.2,238,27.6,2,0,1,1,SN,A,,
2026-02-16T15:35:05,115,34.3,58.6,254,30.8,2,0,1,1,SN,A,,
2026-02-16T15:40:05,116,34,59.5,272,34.4,2,0,1,1,SN,A,,
2026-02-16T15:45:05,117,34,59.7,259,31.8,2,0,1,1,SN,A,,
2026-02-16T15:50:05,118,33.6,59.9,263,32.6,2,0,1,1,SN,A,,
2026-02-16T15:55:06,119,33.3,60.2,243,28.6,2,0,1,1,SN,A,,
2026-02-16T16:00:05,120,33.1,60,236,27.2,2,0,1,1,SN,A,,
2026-02-16T16:05:05,121,33.6,58.7,255,31,2,0,1,1,SN,A,,
2026-02-16T16:10:05,122,33.9,59.8,258,31.6,2,0,1,1,SN,A,,
2026-02-16T16:15:05,123,33.4,59.2,244,28.8,2,0,1,1,SN,A,,
2026-02-16T16:20:05,124,33.3,58.8,256,31.2,2,0,1,1,SN,A,,
2026-02-16T16:25:05,125,33.2,59.3,257,31.4,2,0,1,1,SN,A,,
2026-02-16T16:30:05,126,32.9,61.7,246,29.2,1,0,1,1,SN,A,,
2026-02-16T16:35:05,127,32.9,62.6,295,39,1,0,2,1,SN,A,,
2026-02-16T16:40:05,128,33.6,60.8,293,38.6,2,0,2,1,SN,A,,
2026-02-16T16:45:05,129,33.7,60.6,295,39,2,0,2,1,SN,A,,
2026-02-16T16:50:05,130,33.5,61,292,38.4,2,0,2,1,SN,A,,
2026-02-16T16:55:05,131,33.7,60.8,283,36.6,2,0,2,1,SN,A,,
2026-02-16T17:00:05,132,33.2,62,278,35.6,2,0,2,1,SN,A,,
2026-02-16T17:05:05,133,33.1,63.3,263,32.6,2,0,1,1,SN,A,,
2026-02-16T17:10:05,134,32.5,62.4,283,36.6,1,0,2,1,SN,A,,
2026-02-16T17:15:05,135,32.2,63.6,286,37.2,1,0,2,1,SN,A,,
2026-02-16T17:20:05,136,32.4,63,293,38.6,1,0,2,1,SN,A,,
2026-02-16T17:25:05,137,31.6,64.9,308,41.6,1,0,2,1,SN,A,,
2026-02-16T17:30:05,138,31.3,66.3,323,44.6,1,0,2,1,SN,A,,
2026-02-16T17:35:05,139,31.3,67,309,41.8,1,0,2,1,SN,A,,
2026-02-16T17:40:05,140,31.2,68.1,303,40.6,1,0,2,1,SN,A,,
2026-02-16T17:45:05,141,31,68.9,309,41.8,1,0,2,1,SN,A,,
2026-02-16T17:50:05,142,30.8,69.9,302,40.4,1,0,2,1,SN,A,,
2026-02-16T17:55:05,143,30.8,70.4,318,43.6,1,1,2,1,SN,A,,
2026-02-16T18:00:05,144,30.8,70.2,314,42.8,1,1,2,1,SN,A,,
2026-02-16T06:00:31,0,26.6,86.7,170,14,0,2,0,1,SN,B,14.320739,120.984581
2026-02-16T06:05:30,1,26.8,87.3,195,19,0,2,0,1,SN,B,14.320739,120.984581
2026-02-16T06:10:30,2,27,86.4,192,18.4,1,2,0,1,SN,B,14.320739,120.984581
2026-02-16T06:15:30,3,27.2,85.5,178,15.6,1,2,0,1,SN,B,14.320739,120.984581
2026-02-16T06:20:30,4,27.3,84.5,232,26.4,1,1,1,1,SN,B,14.320739,120.984581
2026-02-16T06:25:30,5,27,85.3,202,20.4,1,2,0,1,SN,B,14.320739,120.984581
2026-02-16T06:30:30,6,26.9,85.5,170,14,0,2,0,1,SN,B,14.320739,120.984581
2026-02-16T06:35:30,7,26.7,86.5,183,16.6,0,2,0,1,SN,B,14.320739,120.984581
2026-02-16T06:40:30,8,26.7,86.9,182,16.4,0,2,0,1,SN,B,14.320739,120.984581
2026-02-16T06:45:30,9,26.7,86.3,218,23.6,0,2,0,1,SN,B,14.320739,120.984581
2026-02-16T06:50:30,10,26.7,86.9,201,20.2,0,2,0,1,SN,B,14.320739,120.984581
2026-02-16T06:55:30,11,26.9,86,192,18.4,0,2,0,1,SN,B,14.320739,120.984581
2026-02-16T07:00:30,12,26.8,87.9,202,20.4,0,2,0,1,SN,B,14.320739,120.984581
2026-02-16T07:05:30,13,26.5,89.3,201,20.2,0,2,0,1,SN,B,14.320739,120.984581
2026-02-16T07:10:30,14,26.4,90.4,163,12.6,0,2,0,1,SN,B,14.320739,120.984581
2026-02-16T07:15:31,15,26.8,89.2,183,16.6,0,2,0,1,SN,B,14.320739,120.984581
2026-02-16T07:20:30,16,26.8,89.2,178,15.6,0,2,0,1,SN,B,14.320739,120.984581
2026-02-16T07:25:30,17,27.3,86.3,182,16.4,1,2,0,1,SN,B,14.320739,120.984581
2026-02-16T07:30:30,18,27.3,86.7,176,15.2,1,2,0,1,SN,B,14.320739,120.984581
2026-02-16T07:35:30,19,28.5,83.3,184,16.8,1,1,0,1,SN,B,14.320739,120.984581
2026-02-16T07:40:31,20,29.5,81.5,170,14,1,1,0,1,SN,B,14.320739,120.984581
2026-02-16T07:45:30,21,29.9,78.2,158,11.6,1,1,0,1,SN,B,14.320739,120.984581
2026-02-16T07:50:30,22,29.7,78.6,195,19,1,1,0,1,SN,B,14.320739,120.984581
2026-02-16T07:55:30,23,27.8,84.4,182,16.4,1,1,0,1,SN,B,14.320739,120.984581
2026-02-16T08:00:30,24,28.9,81.7,174,14.8,1,1,0,1,SN,B,14.320739,120.984581
2026-02-16T08:05:30,25,29,80.5,163,12.6,1,1,0,1,SN,B,14.320739,120.984581
2026-02-16T08:10:30,26,29,80.1,189,17.8,1,1,0,1,SN,B,14.320739,120.984581
2026-02-16T08:15:30,27,28.8,80.8,195,19,1,1,0,1,SN,B,14.320739,120.984581
2026-02-16T08:20:30,28,28.9,80.5,197,19.4,1,1,0,1,SN,B,14.320739,120.984581
2026-02-16T08:25:30,29,29.3,78.3,193,18.6,1,1,0,1,SN,B,14.320739,120.984581
2026-02-16T08:30:30,30,29.8,78,200,20,1,1,0,1,SN,B,14.320739,120.984581
2026-02-16T08:35:30,31,29.6,78.1,252,30.4,1,1,1,1,SN,B,14.320739,120.984581
2026-02-16T08:40:30,32,29.5,79.5,293,38.6,1,1,2,1,SN,B,14.320739,120.984581
2026-02-16T08:45:30,33,29.8,77.4,276,35.2,1,1,2,1,SN,B,14.320739,120.984581
2026-02-16T08:50:30,34,30.1,76.6,196,19.2,1,1,0,1,SN,B,14.320739,120.984581
2026-02-16T08:55:30,35,30.1,75.7,168,13.6,1,1,0,1,SN,B,14.320739,120.984581
2026-02-16T09:00:30,36,30.1,76.6,189,17.8,1,1,0,1,SN,B,14.320739,120.984581
2026-02-16T09:05:30,37,30.1,76.4,164,12.8,1,1,0,1,SN,B,14.320739,120.984581
2026-02-16T09:10:30,38,29.9,77,166,13.2,1,1,0,1,SN,B,14.320739,120.984581
2026-02-16T09:15:30,39,30.1,76.6,145,9,1,1,0,1,SN,B,14.320739,120.984581
2026-02-16T09:20:30,40,30.3,76.2,141,8.2,1,1,0,1,SN,B,14.320739,120.984581
2026-02-16T09:25:30,41,30,76.9,152,10.4,1,1,0,1,SN,B,14.320739,120.984581
2026-02-16T09:30:30,42,29.9,77,273,34.6,1,1,1,1,SN,B,14.320739,120.984581
2026-02-16T09:35:30,43,33.7,65.1,103,0.6,2,0,0,1,SN,B,14.320739,120.984581
2026-02-16T09:40:30,44,36.6,58.8,104,0.8,2,0,0,1,SN,B,14.320739,120.984581
2026-02-16T09:45:30,45,36.4,58.5,163,12.6,2,0,0,1,SN,B,14.320739,120.984581
2026-02-16T09:50:30,46,36.3,57.9,166,13.2,2,0,0,1,SN,B,14.320739,120.984581
2026-02-16T09:55:30,47,35.4,59.1,160,12,2,0,0,1,SN,B,14.320739,120.984581
2026-02-16T10:00:30,48,33,64.7,151,10.2,2,0,0,1,SN,B,14.320739,120.984581
2026-02-16T10:05:30,49,31.9,68.2,157,11.4,1,0,0,0,N,B,14.320739,120.984581
2026-02-16T10:10:30,50,32.3,68.5,155,11,1,0,0,0,N,B,14.320739,120.984581
2026-02-16T10:15:30,51,32,67.8,118,3.6,1,0,0,0,N,B,14.320739,120.984581
2026-02-16T10:20:30,52,31.5,68.5,163,12.6,1,0,0,0,N,B,14.320739,120.984581
2026-02-16T10:25:30,53,31.8,68.1,137,7.4,1,0,0,0,N,B,14.320739,120.984581
2026-02-16T10:30:30,54,32.4,66.8,171,14.2,1,0,0,0,N,B,14.320739,120.984581
2026-02-16T10:35:30,55,32.2,66.3,172,14.4,1,0,0,0,N,B,14.320739,120.984581
2026-02-16T10:40:30,56,32.2,65.6,155,11,1,0,0,0,N,B,14.320739,120.984581
2026-02-16T10:45:30,57,32.1,65.4,155,11,1,0,0,0,N,B,14.320739,120.984581
2026-02-16T10:50:30,58,32.2,64.9,167,13.4,1,0,0,0,N,B,14.320739,120.984581
2026-02-16T10:55:30,59,31.6,66.7,186,17.2,1,0,0,0,N,B,14.320739,120.984581
2026-02-16T11:00:30,60,31.9,65.5,166,13.2,1,0,0,0,N,B,14.320739,120.984581
2026-02-16T11:05:30,61,34.5,60.3,100,0,2,0,0,1,SN,B,14.320739,120.984581
2026-02-16T11:10:30,62,33.5,63.1,113,2.6,2,0,0,1,SN,B,14.320739,120.984581
2026-02-16T11:15:30,63,34.2,60.6,104,0.8,2,0,0,1,SN,B,14.320739,120.984581
2026-02-16T11:20:30,64,34.6,61.5,115,3,2,0,0,1,SN,B,14.320739,120.984581
2026-02-16T11:36:33,65,34.5,63.2,201,20.2,2,0,0,1,SN,B,14.320739,120.984581
2026-02-16T11:41:32,66,34.5,64.3,191,18.2,2,0,0,1,SN,B,14.320739,120.984581
2026-02-16T11:46:32,67,34.5,61.8,179,15.8,2,0,0,1,SN,B,14.320739,120.984581
2026-02-16T11:51:32,68,34.9,62.5,204,20.8,2,0,0,1,SN,B,14.320739,120.984581
2026-02-16T11:56:32,69,35.4,61.3,213,22.6,2,0,0,1,SN,B,14.320739,120.984581
2026-02-16T12:01:32,70,35.7,60.9,217,23.4,2,0,0,1,SN,B,14.320739,120.984581
2026-02-16T12:06:32,71,35.4,59.7,202,20.4,2,0,0,1,SN,B,14.320739,120.984581
2026-02-16T12:11:32,72,35.4,59.4,212,22.4,2,0,0,1,SN,B,14.320739,120.984581
2026-02-16T12:16:32,73,34.7,59,215,23,2,0,0,1,SN,B,14.320739,120.984581
2026-02-16T12:21:32,74,34.8,59.7,200,20,2,0,0,1,SN,B,14.320739,120.984581
2026-02-16T12:26:32,75,34.9,58.9,202,20.4,2,0,0,1,SN,B,14.320739,120.984581
2026-02-16T12:31:32,76,35,57.2,268,33.6,2,0,1,1,SN,B,14.320739,120.984581
2026-02-16T12:36:32,77,33,61.6,176,15.2,2,0,0,1,SN,B,14.320739,120.984581
2026-02-16T12:41:32,78,32.9,61.4,151,10.2,1,0,0,0,N,B,14.320739,120.984581
2026-02-16T12:46:32,79,32.8,62.4,146,9.2,1,0,0,0,N,B,14.320739,120.984581
2026-02-16T12:51:32,80,33.2,60.8,136,7.2,2,0,0,1,SN,B,14.320739,120.984581
2026-02-16T12:56:32,81,33.9,59.5,145,9,2,0,0,1,SN,B,14.320739,120.984581
2026-02-16T13:01:32,82,34.7,59.9,146,9.2,2,0,0,1,SN,B,14.320739,120.984581
2026-02-16T13:06:32,83,34,59.7,135,7,2,0,0,1,SN,B,14.320739,120.984581
2026-02-16T13:11:32,84,33.8,59.5,138,7.6,2,0,0,1,SN,B,14.320739,120.984581
2026-02-16T13:16:32,85,33,61.4,221,24.2,2,0,0,1,SN,B,14.320739,120.984581
2026-02-16T13:21:32,86,32.8,61.4,224,24.8,1,0,0,0,N,B,14.320739,120.984581
2026-02-16T13:26:32,87,33.2,60.4,219,23.8,2,0,0,1,SN,B,14.320739,120.984581
2026-02-16T13:31:32,88,34.6,58.3,233,26.6,2,0,1,1,SN,B,14.320739,120.984581
2026-02-16T13:36:32,89,33.4,60.7,219,23.8,2,0,0,1,SN,B,14.320739,120.984581
2026-02-16T13:41:32,90,34.2,59.6,233,26.6,2,0,1,1,SN,B,14.320739,120.984581
2026-02-16T13:46:32,91,35.4,57.6,286,37.2,2,0,2,1,SN,B,14.320739,120.984581
2026-02-16T13:51:32,92,36.6,55.4,271,34.2,2,0,1,1,SN,B,14.320739,120.984581
2026-02-16T13:59:37,93,34.2,58.8,287,37.4,2,0,2,1,SN,B,14.320739,120.984581
2026-02-16T14:04:36,94,34.1,59.2,265,33,2,0,1,1,SN,B,14.320739,120.984581
2026-02-16T14:09:36,95,34,59.6,279,35.8,2,0,2,1,SN,B,14.320739,120.984581
2026-02-16T14:14:36,96,34.2,59.5,288,37.6,2,0,2,1,SN,B,14.320739,120.984581
2026-02-16T14:19:36,97,33.6,60.8,263,32.6,2,0,1,1,SN,B,14.320739,120.984581
2026-02-16T14:24:36,98,34,59.3,267,33.4,2,0,1,1,SN,B,14.320739,120.984581
2026-02-16T14:29:36,99,33.8,60.6,262,32.4,2,0,1,1,SN,B,14.320739,120.984581
2026-02-16T14:34:36,100,34.1,60.3,283,36.6,2,0,2,1,SN,B,14.320739,120.984581
2026-02-16T14:39:36,101,33.6,61.4,286,37.2,2,0,2,1,SN,B,14.320739,120.984581
2026-02-16T14:44:36,102,33.4,62.2,308,41.6,2,0,2,1,SN,B,14.320739,120.984581
2026-02-16T14:49:36,103,33,62.6,301,40.2,2,0,2,1,SN,B,14.320739,120.984581
2026-02-16T14:54:36,104,33.5,61.8,283,36.6,2,0,2,1,SN,B,14.320739,120.984581
2026-02-16T14:59:36,105,35.2,59.1,333,46.6,2,0,2,1,SN,B,14.320739,120.984581
2026-02-16T15:04:36,106,35.9,57.3,387,57.4,2,0,2,1,SN,B,14.320739,120.984581
2026-02-16T15:09:36,107,36.7,55.7,339,47.8,2,0,2,1,SN,B,14.320739,120.984581
2026-02-16T15:14:36,108,38.3,52,355,51,2,0,2,1,SN,B,14.320739,120.984581
2026-02-16T15:19:36,109,37.6,52.8,334,46.8,2,0,2,1,SN,B,14.320739,120.984581
2026-02-16T15:24:36,110,36.8,54.5,320,44,2,0,2,1,SN,B,14.320739,120.984581
2026-02-16T15:29:36,111,37.2,53.4,354,50.8,2,0,2,1,SN,B,14.320739,120.984581
2026-02-16T15:34:36,112,37.1,54.4,371,54.2,2,0,2,1,SN,B,14.320739,120.984581
2026-02-16T15:39:36,113,36.5,54.8,390,58,2,0,2,1,SN,B,14.320739,120.984581
2026-02-16T15:44:36,114,36.9,54.3,340,48,2,0,2,1,SN,B,14.320739,120.984581
2026-02-16T15:49:36,115,36.7,54.7,305,41,2,0,2,1,SN,B,14.320739,120.984581
2026-02-16T15:54:36,116,36,55.3,313,42.6,2,0,2,1,SN,B,14.320739,120.984581
2026-02-16T15:59:36,117,35.7,56.5,315,43,2,0,2,1,SN,B,14.320739,120.984581
2026-02-16T16:04:36,118,35.3,58.3,369,53.8,2,0,2,1,SN,B,14.320739,120.984581
2026-02-16T16:09:36,119,35.2,56.9,299,39.8,2,0,2,1,SN,B,14.320739,120.984581
2026-02-16T16:14:36,120,35.3,57.9,303,40.6,2,0,2,1,SN,B,14.320739,120.984581
2026-02-16T16:19:36,121,35.9,57.5,355,51,2,0,2,1,SN,B,14.320739,120.984581
2026-02-16T16:24:36,122,36.4,56.5,393,58.6,2,0,2,1,SN,B,14.320739,120.984581
2026-02-16T16:29:36,123,35.7,57.3,315,43,2,0,2,1,SN,B,14.320739,120.984581
2026-02-16T16:34:36,124,34.6,58.7,306,41.2,2,0,2,1,SN,B,14.320739,120.984581
2026-02-16T16:39:45,125,33.4,62.6,239,27.8,2,0,1,1,SN,B,14.320739,120.984581
2026-02-16T16:44:45,126,33.2,61.7,147,9.4,2,0,0,1,SN,B,14.320739,120.984581
2026-02-16T16:49:45,127,31.5,65.5,129,5.8,1,0,0,0,N,B,14.320739,120.984581
2026-02-16T16:54:45,128,30.9,67.8,92,0,1,0,0,0,N,B,14.320739,120.984581
2026-02-16T16:59:45,129,30.9,68.4,90,0,1,0,0,0,N,B,14.320739,120.984581
2026-02-16T17:04:44,130,31.3,68.1,89,0,1,0,0,0,N,B,14.320739,120.984581
2026-02-16T17:09:44,131,31.9,65.6,89,0,1,0,0,0,N,B,14.320739,120.984581
2026-02-16T17:14:44,132,31.7,66.2,90,0,1,0,0,0,N,B,14.320739,120.984581
2026-02-16T17:19:44,133,31.5,68,82,0,1,0,0,0,N,B,14.320739,120.984581
2026-02-16T17:24:44,134,31.2,69,90,0,1,0,0,0,N,B,14.320739,120.984581
2026-02-16T17:29:44,135,31.1,69.4,88,0,1,0,0,0,N,B,14.320739,120.984581
2026-02-16T17:34:44,136,30.6,71.1,88,0,1,1,0,1,SN,B,14.320739,120.984581
2026-02-16T17:39:44,137,30.7,71.4,92,0,1,1,0,1,SN,B,14.320739,120.984581
2026-02-16T17:44:44,138,30.7,71.5,87,0,1,1,0,1,SN,B,14.320739,120.984581
2026-02-16T17:49:44,139,30.7,71.5,96,0,1,1,0,1,SN,B,14.320739,120.984581
2026-02-16T17:54:44,140,30.6,71,88,0,1,1,0,1,SN,B,14.320739,120.984581
2026-02-16T17:59:44,141,30.3,71.2,83,0,1,1,0,1,SN,B,14.320739,120.984581
2026-02-16T18:04:44,142,30,72.4,83,0,1,1,0,1,SN,B,14.320739,120.984581
2026-02-16T18:09:44,143,29.8,72.9,140,8,1,1,0,1,SN,B,14.320739,120.984581
2026-02-15T19:21:30,0,29.2,74.4,235,27,1,1,1,1,SN,C,,
2026-02-15T19:26:30,1,29,75.3,247,29.4,1,1,1,1,SN,C,,
2026-02-16T06:12:59,2,26.2,84.2,169,13.8,0,1,0,0,N,C,,
2026-02-16T06:20:10,3,26.1,84.6,145,9,0,1,0,0,N,C,,
2026-02-16T06:22:59,4,26.4,83.7,146,9.2,0,1,0,0,N,C,,
2026-02-16T06:30:27,5,26.2,84,142,8.4,0,1,0,0,N,C,,
2026-02-16T07:00:40,6,26.5,83.2,139,7.8,0,1,0,0,N,C,,
2026-02-16T07:00:40,7,26.7,82.8,141,8.2,0,1,0,0,N,C,,
2026-02-16T07:00:41,8,26.8,81.8,138,7.6,0,1,0,0,N,C,,
2026-02-16T07:00:41,9,26.5,83.5,147,9.4,0,1,0,0,N,C,,
2026-02-16T07:00:41,10,26.2,85.4,144,8.8,0,2,0,1,SN,C,,
2026-02-16T07:00:41,11,25.8,87.8,143,8.6,0,2,0,1,SN,C,,
2026-02-16T07:02:59,12,25.6,88.9,141,8.2,0,2,0,1,SN,C,,
2026-02-16T07:12:28,13,25.6,89.4,141,8.2,0,2,0,1,SN,C,,
2026-02-16T07:16:05,14,25.6,89.6,146,9.2,0,2,0,1,SN,C,,
2026-02-16T07:17:59,15,25.4,91.1,156,11.2,0,2,0,1,SN,C,,
2026-02-16T07:28:40,16,25.5,90.1,154,10.8,0,2,0,1,SN,C,,
2026-02-16T07:28:40,17,25.5,89.9,148,9.6,0,2,0,1,SN,C,,
2026-02-16T07:49:32,18,25.8,89.4,151,10.2,0,2,0,1,SN,C,,
2026-02-16T07:49:32,19,25.9,89.4,158,11.6,0,2,0,1,SN,C,,
2026-02-16T07:49:33,20,26.2,88.6,161,12.2,0,2,0,1,SN,C,,
2026-02-16T07:49:33,21,26.1,88.2,148,9.6,0,2,0,1,SN,C,,
2026-02-16T07:52:59,22,26.3,88.2,146,9.2,0,2,0,1,SN,C,,
2026-02-16T08:01:59,23,26.5,87.4,146,9.2,0,2,0,1,SN,C,,
2026-02-16T08:02:59,24,26.4,87.5,146,9.2,0,2,0,1,SN,C,,
2026-02-16T08:07:59,25,26.4,86.8,139,7.8,0,2,0,1,SN,C,,
2026-02-16T08:22:53,26,26.5,87.1,156,11.2,0,2,0,1,SN,C,,
2026-02-16T08:22:53,27,26.5,87,148,9.6,0,2,0,1,SN,C,,
2026-02-16T08:22:59,28,26.5,87.1,148,9.6,0,2,0,1,SN,C,,
2026-02-16T08:27:59,29,26.6,86.7,140,8,0,2,0,1,SN,C,,
2026-02-16T08:42:08,30,26.7,86.4,148,9.6,0,2,0,1,SN,C,,
2026-02-16T08:42:08,31,26.7,86.4,148,9.6,0,2,0,1,SN,C,,
2026-02-16T09:09:13,32,26.8,85.4,154,10.8,0,2,0,1,SN,C,,
2026-02-16T09:09:14,33,27.2,83.7,151,10.2,1,1,0,1,SN,C,,
2026-02-16T09:09:14,34,27.1,83.7,153,10.6,1,1,0,1,SN,C,,
2026-02-16T09:09:14,35,27,83.8,152,10.4,1,1,0,1,SN,C,,
2026-02-16T09:09:14,36,27.2,84,152,10.4,1,1,0,1,SN,C,,
2026-02-16T09:09:14,37,27.4,82.8,157,11.4,1,1,0,1,SN,C,,
2026-02-16T09:12:59,38,27.2,82.1,161,12.2,1,1,0,1,SN,C,,
2026-02-16T09:21:43,39,27.4,81.5,164,12.8,1,1,0,1,SN,C,,
2026-02-16T09:52:30,40,27.6,81,162,12.4,1,1,0,1,SN,C,,
2026-02-16T09:52:30,41,27.4,81.4,164,12.8,1,1,0,1,SN,C,,
2026-02-16T09:52:30,42,27.9,79.7,160,12,1,1,0,1,SN,C,,
2026-02-16T09:52:30,43,27.9,79.5,158,11.6,1,1,0,1,SN,C,,
2026-02-16T09:52:31,44,28.2,77.5,157,11.4,1,1,0,1,SN,C,,
2026-02-16T09:52:31,45,28.3,76.7,157,11.4,1,1,0,1,SN,C,,
2026-02-16T09:52:59,46,28.3,76.5,187,17.4,1,1,0,1,SN,C,,
2026-02-16T10:01:37,47,28.5,76,161,12.2,1,1,0,1,SN,C,,
2026-02-16T10:06:31,48,28.1,75.6,185,17,1,1,0,1,SN,C,,
2026-02-16T10:07:59,49,28.4,74.9,193,18.6,1,1,0,1,SN,C,,
2026-02-16T10:12:59,50,28.5,74.8,223,24.6,1,1,0,1,SN,C,,
2026-02-16T10:17:59,51,28.8,75.1,257,31.4,1,1,1,1,SN,C,,
2026-02-16T10:23:55,52,28.9,74.2,223,24.6,1,1,0,1,SN,C,,
2026-02-16T10:33:00,53,28.8,72.7,199,19.8,1,1,0,1,SN,C,,
2026-02-16T10:33:00,54,29.2,71.7,242,28.4,1,1,1,1,SN,C,,
2026-02-16T10:45:20,55,29.7,70.2,250,30,1,1,1,1,SN,C,,
2026-02-16T10:45:20,56,29.6,70.2,246,29.2,1,1,1,1,SN,C,,
2026-02-16T10:52:27,57,29.6,69.3,252,30.4,1,0,1,1,SN,C,,
2026-02-16T10:52:59,58,29.5,69.4,212,22.4,1,0,0,0,N,C,,
2026-02-16T11:00:07,59,29.3,69.6,205,21,1,0,0,0,N,C,,
2026-02-16T11:07:57,60,29.5,68.7,209,21.8,1,0,0,0,N,C,,
2026-02-16T11:07:59,61,29.9,68.1,235,27,1,0,1,1,SN,C,,
2026-02-16T11:12:59,62,32.3,60.4,212,22.4,1,0,0,0,N,C,,
2026-02-16T12:27:18,63,33.3,54.6,188,17.6,2,0,0,1,SN,C,,
2026-02-16T12:32:18,64,33.8,52.9,147,9.4,2,0,0,1,SN,C,,
2026-02-16T12:40:07,65,33.7,53.4,136,7.2,2,0,0,1,SN,C,,
2026-02-16T13:18:34,66,33.1,53.8,132,6.4,2,0,0,1,SN,C,,
2026-02-16T13:18:34,67,32.8,54.7,136,7.2,1,0,0,0,N,C,,
2026-02-16T13:18:34,68,32.8,53.3,133,6.6,1,0,0,0,N,C,,
2026-02-16T13:18:35,69,33.4,53.5,138,7.6,2,0,0,1,SN,C,,
2026-02-16T13:18:35,70,33.4,52.8,132,6.4,2,0,0,1,SN,C,,
2026-02-16T13:18:35,71,33.4,53.1,132,6.4,2,0,0,1,SN,C,,
2026-02-16T13:18:35,72,33.7,52,134,6.8,2,0,0,1,SN,C,,
2026-02-16T13:18:36,73,33.6,51.6,133,6.6,2,0,0,1,SN,C,,
2026-02-16T13:22:18,74,33.7,52.2,222,24.4,2,0,0,1,SN,C,,
2026-02-16T13:31:42,75,33.5,51.7,229,25.8,2,0,1,1,SN,C,,
2026-02-16T13:45:44,76,33.4,52.7,246,29.2,2,0,1,1,SN,C,,
2026-02-16T13:45:44,77,33.6,52.8,243,28.6,2,0,1,1,SN,C,,
2026-02-16T13:45:44,78,33.4,51.8,238,27.6,2,0,1,1,SN,C,,
2026-02-16T13:47:18,79,32.8,54.7,265,33,1,0,1,1,SN,C,,
2026-02-16T13:56:32,80,33.9,49.4,253,30.6,2,0,1,1,SN,C,,
2026-02-16T14:10:46,81,33.9,52.2,266,33.2,2,0,1,1,SN,C,,
2026-02-16T14:10:46,82,33.9,50.9,241,28.2,2,0,1,1,SN,C,,
2026-02-16T14:10:46,83,34.2,52.6,244,28.8,2,0,1,1,SN,C,,
2026-02-16T14:12:18,84,33.6,54.4,281,36.2,2,0,2,1,SN,C,,
2026-02-16T14:18:33,85,32.8,57,300,40,1,0,2,1,SN,C,,
2026-02-16T14:22:18,86,31.9,57.9,251,30.2,1,0,1,1,SN,C,,
2026-02-16T14:31:53,87,32.2,58.5,239,27.8,1,0,1,1,SN,C,,
2026-02-16T14:44:53,88,32.2,58,230,26,1,0,1,1,SN,C,,
2026-02-16T14:44:54,89,32,53.5,209,21.8,1,0,0,0,N,C,,
2026-02-16T14:44:54,90,32.1,58.9,202,20.4,1,0,0,0,N,C,,
2026-02-16T14:47:18,91,31.8,58.1,231,26.2,1,0,1,1,SN,C,,
2026-02-16T14:58:46,92,31.5,59.7,239,27.8,1,0,1,1,SN,C,,
2026-02-16T14:58:46,93,32.2,59.5,219,23.8,1,0,0,0,N,C,,
2026-02-16T15:06:56,94,31.5,59.8,228,25.6,1,0,1,1,SN,C,,
2026-02-16T15:07:18,95,32,55.7,213,22.6,1,0,0,0,N,C,,
2026-02-16T15:12:18,96,31.9,58.7,142,8.4,1,0,0,0,N,C,,
2026-02-16T15:17:18,97,32.7,58.2,153,10.6,1,0,0,0,N,C,,
2026-02-16T15:22:18,98,33.7,55,233,26.6,2,0,1,1,SN,C,,
2026-02-16T15:27:18,99,32.8,59.8,216,23.2,1,0,0,0,N,C,,
2026-02-16T15:32:18,100,32.6,60.6,217,23.4,1,0,0,0,N,C,,
2026-02-16T15:40:02,101,32.5,60.2,208,21.6,1,0,0,0,N,C,,
2026-02-16T15:42:18,102,32.5,60.7,229,25.8,1,0,1,1,SN,C,,
2026-02-16T15:47:18,103,32.6,61.1,211,22.2,1,0,0,0,N,C,,
2026-02-16T16:05:07,104,32.8,60.9,209,21.8,1,0,0,0,N,C,,
2026-02-16T16:05:07,105,32.7,60.8,210,22,1,0,0,0,N,C,,
2026-02-16T16:05:07,106,32.8,59.9,256,31.2,1,0,1,1,SN,C,,
2026-02-16T16:07:18,107,32.4,61.3,222,24.4,1,0,0,0,N,C,,
2026-02-16T16:12:18,108,32.2,61.8,226,25.2,1,0,1,1,SN,C,,
2026-02-16T16:17:18,109,32.3,61.7,213,22.6,1,0,0,0,N,C,,
2026-02-16T16:22:18,110,32.4,61.9,242,28.4,1,0,1,1,SN,C,,
2026-02-16T16:38:28,111,32.2,62.5,264,32.8,1,0,1,1,SN,C,,
2026-02-16T16:38:28,112,31.9,62.6,247,29.4,1,0,1,1,SN,C,,
2026-02-16T16:38:28,113,31.9,62.5,236,27.2,1,0,1,1,SN,C,,
2026-02-16T16:42:18,114,31.6,63.5,225,25,1,0,0,0,N,C,,
2026-02-16T16:50:29,115,31.7,63.3,222,24.4,1,0,0,0,N,C,,
2026-02-16T16:52:18,116,32,62.5,224,24.8,1,0,0,0,N,C,,
2026-02-16T16:57:18,117,32.1,62.4,220,24,1,0,0,0,N,C,,
2026-02-16T17:02:18,118,32.2,62.5,223,24.6,1,0,0,0,N,C,,
2026-02-16T17:07:18,119,32.3,61.9,228,25.6,1,0,1,1,SN,C,,
2026-02-16T17:12:18,120,31.6,63.7,230,26,1,0,1,1,SN,C,,
2026-02-16T17:17:18,121,30.9,66.1,219,23.8,1,0,0,0,N,C,,
2026-02-16T17:24:14,122,30.8,67,220,24,1,0,0,0,N,C,,
2026-02-16T17:27:18,123,30.8,67.3,222,24.4,1,0,0,0,N,C,,
2026-02-16T17:32:18,124,30.5,68.4,221,24.2,1,0,0,0,N,C,,
2026-02-16T17:37:18,125,30.6,68.6,222,24.4,1,0,0,0,N,C,,
2026-02-16T17:42:18,126,30.6,68.4,212,22.4,1,0,0,0,N,C,,
2026-02-16T17:47:18,127,30.5,68.8,229,25.8,1,0,1,1,SN,C,,
2026-02-16T17:54:02,128,30.6,68.6,223,24.6,1,0,0,0,N,C,,
2026-02-16T17:57:18,129,30.3,69.8,260,32,1,0,1,1,SN,C,,
2026-02-16T18:02:18,130,30.2,69.7,263,32.6,1,0,1,1,SN,C,,
2026-02-16T18:09:14,131,30.2,69.2,209,21.8,1,0,0,0,N,C,,
2026-02-16T18:12:18,132,30.5,68.6,201,20.2,1,0,0,0,N,C,,
2026-02-16T18:18:52,133,30.3,68.9,201,20.2,1,0,0,0,N,C,,
2026-02-16T18:26:21,134,30.2,69.1,197,19.4,1,0,0,0,N,C,,
2026-02-16T18:27:18,135,30.2,69.5,195,19,1,0,0,0,N,C,,
2026-02-16T18:35:29,136,30.1,70,198,19.6,1,0,0,0,N,C,,
2026-02-16T18:40:21,137,30.2,70.1,198,19.6,1,1,0,1,SN,C,,
2026-02-16T18:42:18,138,30,70.5,234,26.8,1,1,1,1,SN,C,,
2026-02-16T18:50:47,139,30,70.3,241,28.2,1,1,1,1,SN,C,,
2026-02-16T18:52:18,140,30.4,70.8,231,26.2,1,1,1,1,SN,C,,
2026-02-16T18:57:18,141,30.3,69.8,223,24.6,1,0,0,0,N,C,,
2026-02-16T19:02:18,142,30.1,70.7,254,30.8,1,1,1,1,SN,C,,
2026-02-16T19:07:18,143,30.1,70.3,232,26.4,1,1,1,1,SN,C,,
